Date,Start,Visitor/Neutral,PTSV,Home/Neutral,PTSH,Attend.,Notes
Tue Oct 25 2016,7:30p,New York Knicks,88,Cleveland Cavaliers,117,20562,
Tue Oct 25 2016,10:00p,Utah Jazz,104,Portland Trail Blazers,113,19446,
Tue Oct 25 2016,10:30p,San Antonio Spurs,129,Golden State Warriors,100,19596,
Wed Oct 26 2016,7:00p,Dallas Mavericks,121,Indiana Pacers,130,17923,
Wed Oct 26 2016,7:00p,Miami Heat,108,Orlando Magic,96,19298,
Wed Oct 26 2016,7:30p,Detroit Pistons,91,Toronto Raptors,109,19800,
Wed Oct 26 2016,7:30p,Brooklyn Nets,117,Boston Celtics,122,18624,
Wed Oct 26 2016,8:00p,Charlotte Hornets,107,Milwaukee Bucks,96,18717,
Wed Oct 26 2016,8:00p,Denver Nuggets,107,New Orleans Pelicans,102,15869,
Wed Oct 26 2016,8:00p,Minnesota Timberwolves,98,Memphis Grizzlies,102,18119,
Wed Oct 26 2016,8:00p,Oklahoma City Thunder,103,Philadelphia 76ers,97,20487,
Wed Oct 26 2016,10:00p,Sacramento Kings,113,Phoenix Suns,94,18055,
Wed Oct 26 2016,10:30p,Houston Rockets,114,Los Angeles Lakers,120,18997,
Thu Oct 27 2016,7:30p,Washington Wizards,99,Atlanta Hawks,114,19049,
Thu Oct 27 2016,8:00p,Boston Celtics,99,Chicago Bulls,105,21501,
Thu Oct 27 2016,10:30p,Los Angeles Clippers,114,Portland Trail Blazers,106,19500,
Thu Oct 27 2016,10:30p,San Antonio Spurs,102,Sacramento Kings,94,17608,
Fri Oct 28 2016,7:00p,Cleveland Cavaliers,94,Toronto Raptors,91,19800,
Fri Oct 28 2016,7:30p,Indiana Pacers,94,Brooklyn Nets,103,17732,
Fri Oct 28 2016,7:30p,Orlando Magic,82,Detroit Pistons,108,19122,
Fri Oct 28 2016,8:00p,Phoenix Suns,110,Oklahoma City Thunder,113,18203,
Fri Oct 28 2016,8:00p,Charlotte Hornets,97,Miami Heat,91,19600,
Fri Oct 28 2016,8:30p,Houston Rockets,106,Dallas Mavericks,98,20163,
Fri Oct 28 2016,9:00p,Los Angeles Lakers,89,Utah Jazz,96,19911,
Fri Oct 28 2016,9:30p,Golden State Warriors,122,New Orleans Pelicans,114,18217,
Sat Oct 29 2016,12:30p,Atlanta Hawks,104,Philadelphia 76ers,72,16312,
Sat Oct 29 2016,7:00p,Boston Celtics,104,Charlotte Hornets,98,18708,
Sat Oct 29 2016,7:30p,Orlando Magic,99,Cleveland Cavaliers,105,20562,
Sat Oct 29 2016,7:30p,Memphis Grizzlies,104,New York Knicks,111,19812,
Sat Oct 29 2016,8:00p,New Orleans Pelicans,79,San Antonio Spurs,98,18418,
Sat Oct 29 2016,8:00p,Brooklyn Nets,108,Milwaukee Bucks,110,12570,
Sat Oct 29 2016,8:00p,Indiana Pacers,101,Chicago Bulls,118,21373,
Sat Oct 29 2016,9:00p,Portland Trail Blazers,115,Denver Nuggets,113,18055,
Sat Oct 29 2016,10:30p,Minnesota Timberwolves,103,Sacramento Kings,106,17608,
Sun Oct 30 2016,4:30p,Utah Jazz,75,Los Angeles Clippers,88,19060,
Sun Oct 30 2016,6:00p,Milwaukee Bucks,83,Detroit Pistons,98,15161,
Sun Oct 30 2016,6:00p,San Antonio Spurs,106,Miami Heat,99,19678,
Sun Oct 30 2016,6:00p,Golden State Warriors,106,Phoenix Suns,100,17011,
Sun Oct 30 2016,7:00p,Los Angeles Lakers,96,Oklahoma City Thunder,113,18203,
Sun Oct 30 2016,8:00p,Dallas Mavericks,92,Houston Rockets,93,18055,
Sun Oct 30 2016,8:00p,Washington Wizards,103,Memphis Grizzlies,112,15573,
Mon Oct 31 2016,7:30p,Sacramento Kings,95,Atlanta Hawks,106,12501,
Mon Oct 31 2016,7:30p,Chicago Bulls,118,Brooklyn Nets,88,15842,
Mon Oct 31 2016,7:30p,Denver Nuggets,102,Toronto Raptors,105,19800,
Mon Oct 31 2016,10:30p,Phoenix Suns,98,Los Angeles Clippers,116,19060,
Tue Nov 1 2016,6:00p,Houston Rockets,120,Cleveland Cavaliers,128,20562,
Tue Nov 1 2016,7:00p,Los Angeles Lakers,108,Indiana Pacers,115,15348,
Tue Nov 1 2016,7:00p,Orlando Magic,103,Philadelphia 76ers,101,12529,
Tue Nov 1 2016,7:30p,New York Knicks,89,Detroit Pistons,102,13087,
Tue Nov 1 2016,7:30p,Sacramento Kings,96,Miami Heat,108,19612,
Tue Nov 1 2016,8:00p,Memphis Grizzlies,80,Minnesota Timberwolves,116,14774,
Tue Nov 1 2016,8:00p,Milwaukee Bucks,117,New Orleans Pelicans,113,15515,
Tue Nov 1 2016,8:30p,Utah Jazz,106,San Antonio Spurs,91,18418,
Tue Nov 1 2016,10:00p,Golden State Warriors,127,Portland Trail Blazers,104,19393,
Wed Nov 2 2016,7:00p,Philadelphia 76ers,93,Charlotte Hornets,109,15275,
Wed Nov 2 2016,7:00p,Toronto Raptors,113,Washington Wizards,103,19581,
Wed Nov 2 2016,7:30p,Los Angeles Lakers,123,Atlanta Hawks,116,13800,
Wed Nov 2 2016,7:30p,Detroit Pistons,101,Brooklyn Nets,109,13650,
Wed Nov 2 2016,7:30p,Houston Rockets,118,New York Knicks,99,19812,
Wed Nov 2 2016,8:00p,Chicago Bulls,100,Boston Celtics,107,18624,
Wed Nov 2 2016,8:00p,New Orleans Pelicans,83,Memphis Grizzlies,89,15881,
Wed Nov 2 2016,9:00p,Dallas Mavericks,81,Utah Jazz,97,19318,
Wed Nov 2 2016,10:00p,Portland Trail Blazers,115,Phoenix Suns,118,17284,
Wed Nov 2 2016,10:30p,Oklahoma City Thunder,85,Los Angeles Clippers,83,19060,
Thu Nov 3 2016,7:00p,Sacramento Kings,94,Orlando Magic,102,17026,
Thu Nov 3 2016,8:00p,Boston Celtics,122,Cleveland Cavaliers,128,20562,
Thu Nov 3 2016,8:00p,Indiana Pacers,107,Milwaukee Bucks,125,11374,
Thu Nov 3 2016,8:00p,Denver Nuggets,102,Minnesota Timberwolves,99,11219,
Thu Nov 3 2016,10:30p,Oklahoma City Thunder,96,Golden State Warriors,122,19596,
Fri Nov 4 2016,7:00p,Atlanta Hawks,92,Washington Wizards,95,14663,
Fri Nov 4 2016,7:30p,Charlotte Hornets,99,Brooklyn Nets,95,15775,
Fri Nov 4 2016,7:30p,Miami Heat,87,Toronto Raptors,96,19800,
Fri Nov 4 2016,8:00p,New York Knicks,117,Chicago Bulls,104,22376,
Fri Nov 4 2016,8:00p,Los Angeles Clippers,99,Memphis Grizzlies,88,17115,
Fri Nov 4 2016,8:00p,Phoenix Suns,112,New Orleans Pelicans,111,15379,
Fri Nov 4 2016,8:30p,Portland Trail Blazers,105,Dallas Mavericks,95,19475,
Fri Nov 4 2016,9:00p,San Antonio Spurs,100,Utah Jazz,86,19911,
Fri Nov 4 2016,10:30p,Golden State Warriors,97,Los Angeles Lakers,117,18997,
Sat Nov 5 2016,6:00p,Minnesota Timberwolves,92,Oklahoma City Thunder,112,18203,
Sat Nov 5 2016,7:00p,Denver Nuggets,86,Detroit Pistons,103,16218,
Sat Nov 5 2016,7:00p,Chicago Bulls,94,Indiana Pacers,111,17020,
Sat Nov 5 2016,7:00p,Washington Wizards,86,Orlando Magic,88,18846,
Sat Nov 5 2016,7:00p,Cleveland Cavaliers,102,Philadelphia 76ers,101,20497,
Sat Nov 5 2016,7:30p,Houston Rockets,97,Atlanta Hawks,112,16895,
Sat Nov 5 2016,8:00p,Sacramento Kings,91,Milwaukee Bucks,117,16021,
Sat Nov 5 2016,8:30p,Los Angeles Clippers,116,San Antonio Spurs,92,18418,
Sun Nov 6 2016,12:00p,Utah Jazz,114,New York Knicks,109,19812,
Sun Nov 6 2016,3:30p,Portland Trail Blazers,100,Memphis Grizzlies,94,16233,
Sun Nov 6 2016,6:00p,Sacramento Kings,96,Toronto Raptors,91,19800,
Sun Nov 6 2016,7:00p,Milwaukee Bucks,75,Dallas Mavericks,86,19345,
Sun Nov 6 2016,7:30p,Denver Nuggets,123,Boston Celtics,107,17452,
Sun Nov 6 2016,9:30p,Phoenix Suns,108,Los Angeles Lakers,119,18997,
Mon Nov 7 2016,7:00p,Indiana Pacers,100,Charlotte Hornets,122,16880,
Mon Nov 7 2016,7:00p,Utah Jazz,109,Philadelphia 76ers,84,14168,
Mon Nov 7 2016,7:00p,Houston Rockets,114,Washington Wizards,106,13173,
Mon Nov 7 2016,8:00p,Orlando Magic,80,Chicago Bulls,112,21320,
Mon Nov 7 2016,8:00p,Miami Heat,85,Oklahoma City Thunder,97,18203,
Mon Nov 7 2016,10:30p,New Orleans Pelicans,106,Golden State Warriors,116,19596,
Mon Nov 7 2016,10:30p,Detroit Pistons,82,Los Angeles Clippers,114,19060,
Tue Nov 8 2016,7:00p,Atlanta Hawks,110,Cleveland Cavaliers,106,20562,
Tue Nov 8 2016,7:30p,Minnesota Timberwolves,110,Brooklyn Nets,119,13610,
Tue Nov 8 2016,8:00p,Denver Nuggets,107,Memphis Grizzlies,108,15109,
Tue Nov 8 2016,10:00p,Phoenix Suns,121,Portland Trail Blazers,124,19239,
Tue Nov 8 2016,10:30p,Dallas Mavericks,109,Los Angeles Lakers,97,18997,
Tue Nov 8 2016,10:30p,New Orleans Pelicans,94,Sacramento Kings,102,17608,
Wed Nov 9 2016,7:00p,Utah Jazz,98,Charlotte Hornets,104,15712,
Wed Nov 9 2016,7:00p,Philadelphia 76ers,115,Indiana Pacers,122,15360,
Wed Nov 9 2016,7:00p,Brooklyn Nets,96,New York Knicks,110,19812,
Wed Nov 9 2016,7:00p,Minnesota Timberwolves,123,Orlando Magic,107,17102,
Wed Nov 9 2016,7:00p,Boston Celtics,93,Washington Wizards,118,12675,
Wed Nov 9 2016,7:30p,Chicago Bulls,107,Atlanta Hawks,115,16354,
Wed Nov 9 2016,8:00p,Toronto Raptors,112,Oklahoma City Thunder,102,18203,
Wed Nov 9 2016,9:00p,Detroit Pistons,100,Phoenix Suns,107,16719,
Wed Nov 9 2016,9:30p,Houston Rockets,101,San Antonio Spurs,99,18418,
Wed Nov 9 2016,10:30p,Dallas Mavericks,95,Golden State Warriors,116,19596,
Wed Nov 9 2016,10:30p,Portland Trail Blazers,80,Los Angeles Clippers,111,19060,
Thu Nov 10 2016,8:00p,Chicago Bulls,98,Miami Heat,95,19600,
Thu Nov 10 2016,8:00p,New Orleans Pelicans,112,Milwaukee Bucks,106,12159,
Thu Nov 10 2016,9:00p,Golden State Warriors,125,Denver Nuggets,101,17569,
Thu Nov 10 2016,10:30p,Los Angeles Lakers,101,Sacramento Kings,91,17608,
Fri Nov 11 2016,7:00p,Toronto Raptors,113,Charlotte Hornets,111,18107,
Fri Nov 11 2016,7:00p,Utah Jazz,87,Orlando Magic,74,18846,
Fri Nov 11 2016,7:00p,Indiana Pacers,105,Philadelphia 76ers,109,17643,
Fri Nov 11 2016,7:00p,Cleveland Cavaliers,105,Washington Wizards,94,20356,
Fri Nov 11 2016,7:30p,New York Knicks,87,Boston Celtics,115,18624,
Fri Nov 11 2016,8:00p,Los Angeles Clippers,110,Oklahoma City Thunder,108,18203,
Fri Nov 11 2016,8:30p,Detroit Pistons,86,San Antonio Spurs,96,18418,
Fri Nov 11 2016,10:00p,Sacramento Kings,120,Portland Trail Blazers,122,19918,
Sat Nov 12 2016,7:00p,Boston Celtics,105,Indiana Pacers,99,17923,
Sat Nov 12 2016,7:00p,Los Angeles Lakers,126,New Orleans Pelicans,99,17138,
Sat Nov 12 2016,7:30p,Philadelphia 76ers,96,Atlanta Hawks,117,17399,
Sat Nov 12 2016,7:30p,New York Knicks,107,Toronto Raptors,118,19800,
Sat Nov 12 2016,8:00p,Washington Wizards,95,Chicago Bulls,106,21962,
Sat Nov 12 2016,8:00p,San Antonio Spurs,106,Houston Rockets,100,18055,
Sat Nov 12 2016,8:00p,Utah Jazz,102,Miami Heat,91,19600,
Sat Nov 12 2016,8:00p,Los Angeles Clippers,119,Minnesota Timberwolves,105,14494,
Sat Nov 12 2016,8:30p,Memphis Grizzlies,96,Milwaukee Bucks,106,14327,
Sat Nov 12 2016,9:00p,Detroit Pistons,106,Denver Nuggets,95,13997,
Sat Nov 12 2016,9:00p,Brooklyn Nets,122,Phoenix Suns,104,17126,
Sun Nov 13 2016,3:30p,Charlotte Hornets,93,Cleveland Cavaliers,100,20562,
Sun Nov 13 2016,7:00p,Los Angeles Lakers,99,Minnesota Timberwolves,125,14432,
Sun Nov 13 2016,7:00p,Orlando Magic,119,Oklahoma City Thunder,117,18203,
Sun Nov 13 2016,8:00p,Phoenix Suns,120,Golden State Warriors,133,19596,
Sun Nov 13 2016,9:00p,Denver Nuggets,105,Portland Trail Blazers,112,19362,
Mon Nov 14 2016,7:00p,Orlando Magic,69,Indiana Pacers,88,14825,
Mon Nov 14 2016,7:30p,Oklahoma City Thunder,88,Detroit Pistons,104,14172,
Mon Nov 14 2016,7:30p,Dallas Mavericks,77,New York Knicks,93,19812,
Mon Nov 14 2016,8:00p,Philadelphia 76ers,88,Houston Rockets,115,13183,
Mon Nov 14 2016,8:00p,Boston Celtics,105,New Orleans Pelicans,106,15001,
Mon Nov 14 2016,8:30p,Miami Heat,90,San Antonio Spurs,94,18418,
Mon Nov 14 2016,9:00p,Memphis Grizzlies,102,Utah Jazz,96,18176,
Mon Nov 14 2016,10:30p,Brooklyn Nets,95,Los Angeles Clippers,127,19060,
Tue Nov 15 2016,7:00p,Toronto Raptors,117,Cleveland Cavaliers,121,20562,
Tue Nov 15 2016,7:30p,Atlanta Hawks,93,Miami Heat,90,19600,
Tue Nov 15 2016,8:00p,Charlotte Hornets,115,Minnesota Timberwolves,108,10349,
Tue Nov 15 2016,10:00p,Chicago Bulls,113,Portland Trail Blazers,88,19393,
Tue Nov 15 2016,10:30p,Brooklyn Nets,118,Los Angeles Lakers,125,18426,
Wed Nov 16 2016,7:00p,Cleveland Cavaliers,93,Indiana Pacers,103,17022,
Wed Nov 16 2016,7:00p,New Orleans Pelicans,82,Orlando Magic,89,16127,
Wed Nov 16 2016,7:00p,Washington Wizards,102,Philadelphia 76ers,109,14863,
Wed Nov 16 2016,7:30p,Milwaukee Bucks,100,Atlanta Hawks,107,14656,
Wed Nov 16 2016,7:30p,Dallas Mavericks,83,Boston Celtics,90,18624,
Wed Nov 16 2016,7:30p,Detroit Pistons,102,New York Knicks,105,19812,
Wed Nov 16 2016,8:00p,Houston Rockets,103,Oklahoma City Thunder,105,18203,
Wed Nov 16 2016,8:00p,Golden State Warriors,127,Toronto Raptors,121,21050,
Wed Nov 16 2016,9:00p,Phoenix Suns,104,Denver Nuggets,120,10247,
Wed Nov 16 2016,10:30p,Memphis Grizzlies,111,Los Angeles Clippers,107,19060,
Wed Nov 16 2016,10:30p,San Antonio Spurs,110,Sacramento Kings,105,17608,
Thu Nov 17 2016,7:00p,New York Knicks,112,Washington Wizards,119,16704,
Thu Nov 17 2016,7:30p,Milwaukee Bucks,73,Miami Heat,96,19600,
Thu Nov 17 2016,8:00p,Portland Trail Blazers,109,Houston Rockets,126,15550,
Thu Nov 17 2016,8:00p,Philadelphia 76ers,86,Minnesota Timberwolves,110,16866,
Thu Nov 17 2016,10:30p,Chicago Bulls,85,Utah Jazz,77,19911,
Fri Nov 18 2016,7:00p,Atlanta Hawks,96,Charlotte Hornets,100,17989,
Fri Nov 18 2016,7:00p,Phoenix Suns,116,Indiana Pacers,96,16780,
Fri Nov 18 2016,7:30p,Detroit Pistons,81,Cleveland Cavaliers,104,20562,
Fri Nov 18 2016,8:00p,Golden State Warriors,104,Boston Celtics,88,18624,
Fri Nov 18 2016,8:00p,Portland Trail Blazers,101,New Orleans Pelicans,113,15552,
Fri Nov 18 2016,8:00p,Brooklyn Nets,105,Oklahoma City Thunder,124,18203,
Fri Nov 18 2016,8:30p,Memphis Grizzlies,80,Dallas Mavericks,64,19715,
Fri Nov 18 2016,9:00p,Toronto Raptors,113,Denver Nuggets,111,12476,
Fri Nov 18 2016,10:30p,San Antonio Spurs,116,Los Angeles Lakers,107,18997,
Fri Nov 18 2016,10:30p,Los Angeles Clippers,121,Sacramento Kings,115,17608,
Sat Nov 19 2016,5:00p,Utah Jazz,102,Houston Rockets,111,14760,
Sat Nov 19 2016,7:00p,Boston Celtics,94,Detroit Pistons,92,16107,
Sat Nov 19 2016,7:00p,Charlotte Hornets,116,New Orleans Pelicans,121,15739,
Sat Nov 19 2016,7:00p,Dallas Mavericks,87,Orlando Magic,95,18846,
Sat Nov 19 2016,7:00p,Miami Heat,114,Washington Wizards,111,15848,
Sat Nov 19 2016,7:30p,Phoenix Suns,105,Philadelphia 76ers,120,18125,
Sat Nov 19 2016,8:00p,Minnesota Timberwolves,71,Memphis Grizzlies,93,17112,
Sat Nov 19 2016,8:30p,Golden State Warriors,124,Milwaukee Bucks,121,18717,
Sat Nov 19 2016,10:30p,Chicago Bulls,95,Los Angeles Clippers,102,19060,
Sun Nov 20 2016,12:00p,Atlanta Hawks,94,New York Knicks,104,19812,
Sun Nov 20 2016,3:30p,Portland Trail Blazers,129,Brooklyn Nets,109,16608,
Sun Nov 20 2016,7:00p,Indiana Pacers,115,Oklahoma City Thunder,111,18203,
Sun Nov 20 2016,9:00p,Utah Jazz,91,Denver Nuggets,105,12565,
Sun Nov 20 2016,9:00p,Toronto Raptors,99,Sacramento Kings,102,17608,
Sun Nov 20 2016,9:30p,Chicago Bulls,118,Los Angeles Lakers,110,18997,
Mon Nov 21 2016,7:00p,Memphis Grizzlies,105,Charlotte Hornets,90,14181,
Mon Nov 21 2016,7:00p,Golden State Warriors,120,Indiana Pacers,83,17923,
Mon Nov 21 2016,7:00p,Miami Heat,94,Philadelphia 76ers,101,16477,
Mon Nov 21 2016,7:00p,Phoenix Suns,101,Washington Wizards,106,12790,
Mon Nov 21 2016,7:30p,Houston Rockets,99,Detroit Pistons,96,13632,
Mon Nov 21 2016,8:00p,Orlando Magic,89,Milwaukee Bucks,93,12306,
Mon Nov 21 2016,8:00p,Boston Celtics,99,Minnesota Timberwolves,93,13167,
Mon Nov 21 2016,8:30p,Dallas Mavericks,91,San Antonio Spurs,96,18418,
Mon Nov 21 2016,10:30p,Toronto Raptors,115,Los Angeles Clippers,123,19060,
Tue Nov 22 2016,7:30p,New Orleans Pelicans,112,Atlanta Hawks,94,19120,
Tue Nov 22 2016,7:30p,Portland Trail Blazers,103,New York Knicks,107,19812,
Tue Nov 22 2016,9:00p,Chicago Bulls,107,Denver Nuggets,110,14328,
Tue Nov 22 2016,10:30p,Oklahoma City Thunder,109,Los Angeles Lakers,111,18997,
Wed Nov 23 2016,7:00p,San Antonio Spurs,119,Charlotte Hornets,114,18515,
Wed Nov 23 2016,7:00p,Portland Trail Blazers,125,Cleveland Cavaliers,137,20562,
Wed Nov 23 2016,7:00p,Atlanta Hawks,96,Indiana Pacers,85,16032,
Wed Nov 23 2016,7:00p,Phoenix Suns,92,Orlando Magic,87,17069,
Wed Nov 23 2016,7:00p,Memphis Grizzlies,104,Philadelphia 76ers,99,15880,
Wed Nov 23 2016,7:30p,Boston Celtics,111,Brooklyn Nets,92,16210,
Wed Nov 23 2016,7:30p,Miami Heat,84,Detroit Pistons,107,14520,
Wed Nov 23 2016,8:00p,Toronto Raptors,115,Houston Rockets,102,18055,
Wed Nov 23 2016,8:30p,Los Angeles Clippers,124,Dallas Mavericks,104,20042,
Wed Nov 23 2016,9:00p,Denver Nuggets,83,Utah Jazz,108,19229,
Wed Nov 23 2016,9:30p,Minnesota Timberwolves,96,New Orleans Pelicans,117,15555,
Wed Nov 23 2016,10:30p,Los Angeles Lakers,106,Golden State Warriors,149,19596,
Wed Nov 23 2016,10:30p,Oklahoma City Thunder,101,Sacramento Kings,116,17608,
Fri Nov 25 2016,1:00p,San Antonio Spurs,109,Boston Celtics,103,18624,
Fri Nov 25 2016,7:00p,Washington Wizards,94,Orlando Magic,91,17103,
Fri Nov 25 2016,7:30p,Dallas Mavericks,90,Cleveland Cavaliers,128,20562,
Fri Nov 25 2016,7:30p,Los Angeles Clippers,97,Detroit Pistons,108,17023,
Fri Nov 25 2016,7:30p,Charlotte Hornets,111,New York Knicks,113,19812,
Fri Nov 25 2016,7:30p,Chicago Bulls,105,Philadelphia 76ers,89,18234,
Fri Nov 25 2016,8:00p,Brooklyn Nets,97,Indiana Pacers,118,16083,
Fri Nov 25 2016,8:00p,Miami Heat,90,Memphis Grizzlies,81,17222,
Fri Nov 25 2016,8:00p,Toronto Raptors,105,Milwaukee Bucks,99,16223,
Fri Nov 25 2016,8:00p,Atlanta Hawks,68,Utah Jazz,95,19911,
Fri Nov 25 2016,9:00p,Oklahoma City Thunder,132,Denver Nuggets,129,14327,
Fri Nov 25 2016,9:00p,Minnesota Timberwolves,98,Phoenix Suns,85,16728,
Fri Nov 25 2016,10:00p,New Orleans Pelicans,104,Portland Trail Blazers,119,19393,
Fri Nov 25 2016,10:30p,Golden State Warriors,109,Los Angeles Lakers,85,18997,
Fri Nov 25 2016,10:30p,Houston Rockets,117,Sacramento Kings,104,17608,
Sat Nov 26 2016,7:00p,New York Knicks,102,Charlotte Hornets,107,19195,
Sat Nov 26 2016,7:00p,San Antonio Spurs,112,Washington Wizards,100,17066,
Sat Nov 26 2016,8:00p,Memphis Grizzlies,110,Miami Heat,107,19600,
Sat Nov 26 2016,8:00p,Detroit Pistons,88,Oklahoma City Thunder,106,18203,
Sat Nov 26 2016,10:30p,Minnesota Timberwolves,102,Golden State Warriors,115,19596,
Sun Nov 27 2016,1:00p,Cleveland Cavaliers,112,Philadelphia 76ers,108,19311,
Sun Nov 27 2016,3:30p,Denver Nuggets,120,Phoenix Suns,114,15365,
Sun Nov 27 2016,6:00p,Sacramento Kings,122,Brooklyn Nets,105,13646,
Sun Nov 27 2016,6:00p,Los Angeles Clippers,70,Indiana Pacers,91,15572,
Sun Nov 27 2016,6:00p,Milwaukee Bucks,104,Orlando Magic,96,16521,
Sun Nov 27 2016,7:00p,New Orleans Pelicans,81,Dallas Mavericks,91,19302,
Sun Nov 27 2016,9:00p,Houston Rockets,130,Portland Trail Blazers,114,19393,
Sun Nov 27 2016,9:30p,Atlanta Hawks,94,Los Angeles Lakers,109,18997,
Mon Nov 28 2016,7:00p,Sacramento Kings,95,Washington Wizards,101,12571,
Mon Nov 28 2016,7:30p,Boston Celtics,112,Miami Heat,104,19600,
Mon Nov 28 2016,7:30p,Oklahoma City Thunder,112,New York Knicks,103,19812,
Mon Nov 28 2016,7:30p,Philadelphia 76ers,95,Toronto Raptors,122,19800,
Mon Nov 28 2016,8:00p,Charlotte Hornets,104,Memphis Grizzlies,85,13143,
Mon Nov 28 2016,8:00p,Utah Jazz,112,Minnesota Timberwolves,103,9384,
Mon Nov 28 2016,10:30p,Atlanta Hawks,100,Golden State Warriors,105,19596,
Tue Nov 29 2016,7:00p,Detroit Pistons,112,Charlotte Hornets,89,14266,
Tue Nov 29 2016,7:30p,Los Angeles Clippers,122,Brooklyn Nets,127,15681,
Tue Nov 29 2016,8:00p,Cleveland Cavaliers,101,Milwaukee Bucks,118,16559,
Tue Nov 29 2016,8:00p,Los Angeles Lakers,88,New Orleans Pelicans,105,14024,
Tue Nov 29 2016,8:30p,Orlando Magic,95,San Antonio Spurs,83,18418,
Tue Nov 29 2016,9:00p,Houston Rockets,101,Utah Jazz,120,19911,
Wed Nov 30 2016,7:30p,Detroit Pistons,121,Boston Celtics,114,17338,
Wed Nov 30 2016,7:30p,Memphis Grizzlies,105,Toronto Raptors,120,19800,
Wed Nov 30 2016,8:00p,Los Angeles Lakers,96,Chicago Bulls,90,21773,
Wed Nov 30 2016,8:00p,New York Knicks,106,Minnesota Timberwolves,104,13987,
Wed Nov 30 2016,8:00p,Washington Wizards,115,Oklahoma City Thunder,126,18203,
Wed Nov 30 2016,8:30p,San Antonio Spurs,94,Dallas Mavericks,87,19245,
Wed Nov 30 2016,9:00p,Miami Heat,106,Denver Nuggets,98,11471,
Wed Nov 30 2016,9:00p,Atlanta Hawks,107,Phoenix Suns,109,15909,
Wed Nov 30 2016,10:00p,Indiana Pacers,109,Portland Trail Blazers,131,19107,
Thu Dec 1 2016,7:00p,Dallas Mavericks,87,Charlotte Hornets,97,14471,
Thu Dec 1 2016,7:30p,Milwaukee Bucks,111,Brooklyn Nets,93,12675,
Thu Dec 1 2016,8:00p,Los Angeles Clippers,113,Cleveland Cavaliers,94,20562,
Thu Dec 1 2016,8:00p,Orlando Magic,94,Memphis Grizzlies,95,13344,
Thu Dec 1 2016,9:00p,Miami Heat,111,Utah Jazz,110,19073,
Thu Dec 1 2016,10:30p,Houston Rockets,132,Golden State Warriors,127,19596,
Fri Dec 2 2016,7:00p,Orlando Magic,105,Philadelphia 76ers,88,13711,
Fri Dec 2 2016,7:30p,Sacramento Kings,92,Boston Celtics,97,18624,
Fri Dec 2 2016,7:30p,Minnesota Timberwolves,114,New York Knicks,118,19812,
Fri Dec 2 2016,7:30p,Los Angeles Lakers,80,Toronto Raptors,113,19800,
Fri Dec 2 2016,8:00p,Detroit Pistons,121,Atlanta Hawks,85,15500,
Fri Dec 2 2016,8:00p,Cleveland Cavaliers,105,Chicago Bulls,111,21775,
Fri Dec 2 2016,8:00p,Los Angeles Clippers,114,New Orleans Pelicans,96,16538,
Fri Dec 2 2016,8:30p,Washington Wizards,105,San Antonio Spurs,107,18418,
Fri Dec 2 2016,10:30p,Houston Rockets,128,Denver Nuggets,110,15549,
Sat Dec 3 2016,5:00p,Brooklyn Nets,103,Milwaukee Bucks,112,15565,
Sat Dec 3 2016,7:00p,Minnesota Timberwolves,125,Charlotte Hornets,120,16982,
Sat Dec 3 2016,7:30p,Boston Celtics,107,Philadelphia 76ers,106,17063,
Sat Dec 3 2016,7:30p,Atlanta Hawks,84,Toronto Raptors,128,19800,
Sat Dec 3 2016,8:00p,Los Angeles Lakers,100,Memphis Grizzlies,103,17017,
Sat Dec 3 2016,8:30p,Chicago Bulls,82,Dallas Mavericks,107,19857,
Sat Dec 3 2016,9:00p,Denver Nuggets,98,Utah Jazz,105,19911,
Sat Dec 3 2016,10:00p,Miami Heat,92,Portland Trail Blazers,99,19393,
Sat Dec 3 2016,10:30p,Phoenix Suns,109,Golden State Warriors,138,19596,
Sun Dec 4 2016,6:00p,Orlando Magic,98,Detroit Pistons,92,15206,
Sun Dec 4 2016,7:00p,New Orleans Pelicans,92,Oklahoma City Thunder,101,18203,
Sun Dec 4 2016,7:30p,Sacramento Kings,98,New York Knicks,106,19812,
Sun Dec 4 2016,9:30p,Indiana Pacers,111,Los Angeles Clippers,102,19060,
Mon Dec 5 2016,7:00p,Denver Nuggets,106,Philadelphia 76ers,98,11815,
Mon Dec 5 2016,7:30p,Oklahoma City Thunder,102,Atlanta Hawks,99,14654,
Mon Dec 5 2016,7:30p,Washington Wizards,118,Brooklyn Nets,113,12529,
Mon Dec 5 2016,7:30p,Cleveland Cavaliers,116,Toronto Raptors,112,19800,
Mon Dec 5 2016,8:00p,Portland Trail Blazers,112,Chicago Bulls,110,21351,
Mon Dec 5 2016,8:00p,Boston Celtics,106,Houston Rockets,107,15730,
Mon Dec 5 2016,8:00p,San Antonio Spurs,97,Milwaukee Bucks,96,14256,
Mon Dec 5 2016,8:00p,Memphis Grizzlies,110,New Orleans Pelicans,108,13795,
Mon Dec 5 2016,8:30p,Charlotte Hornets,109,Dallas Mavericks,101,19228,
Mon Dec 5 2016,10:30p,Indiana Pacers,106,Golden State Warriors,142,19596,
Mon Dec 5 2016,10:30p,Utah Jazz,107,Los Angeles Lakers,101,18279,
Tue Dec 6 2016,7:00p,Orlando Magic,124,Washington Wizards,116,12116,
Tue Dec 6 2016,7:30p,Chicago Bulls,91,Detroit Pistons,102,14305,
Tue Dec 6 2016,7:30p,New York Knicks,114,Miami Heat,103,19610,
Tue Dec 6 2016,8:00p,Philadelphia 76ers,91,Memphis Grizzlies,96,13521,
Tue Dec 6 2016,8:00p,San Antonio Spurs,105,Minnesota Timberwolves,91,12585,
Tue Dec 6 2016,9:00p,Phoenix Suns,105,Utah Jazz,112,18997,
Wed Dec 7 2016,7:00p,Detroit Pistons,77,Charlotte Hornets,87,15141,
Wed Dec 7 2016,7:00p,Boston Celtics,117,Orlando Magic,87,17009,
Wed Dec 7 2016,7:30p,Miami Heat,95,Atlanta Hawks,103,11326,
Wed Dec 7 2016,7:30p,Denver Nuggets,111,Brooklyn Nets,116,14159,
Wed Dec 7 2016,8:00p,Los Angeles Lakers,95,Houston Rockets,134,16141,
Wed Dec 7 2016,8:00p,Portland Trail Blazers,107,Milwaukee Bucks,115,14033,
Wed Dec 7 2016,8:00p,Cleveland Cavaliers,126,New York Knicks,94,19812,
Wed Dec 7 2016,8:30p,Sacramento Kings,120,Dallas Mavericks,89,19711,
Wed Dec 7 2016,9:00p,Indiana Pacers,109,Phoenix Suns,94,17452,
Wed Dec 7 2016,10:30p,Golden State Warriors,115,Los Angeles Clippers,98,19239,
Thu Dec 8 2016,7:00p,Minnesota Timberwolves,110,Toronto Raptors,124,19800,
Thu Dec 8 2016,7:00p,Denver Nuggets,85,Washington Wizards,92,12645,
Thu Dec 8 2016,8:00p,Portland Trail Blazers,86,Memphis Grizzlies,88,14317,
Thu Dec 8 2016,8:00p,Philadelphia 76ers,99,New Orleans Pelicans,88,14158,
Thu Dec 8 2016,9:00p,Golden State Warriors,106,Utah Jazz,99,19911,
Thu Dec 8 2016,9:30p,San Antonio Spurs,91,Chicago Bulls,95,21489,
Fri Dec 9 2016,7:00p,Orlando Magic,88,Charlotte Hornets,109,15707,
Fri Dec 9 2016,7:30p,Toronto Raptors,101,Boston Celtics,94,18624,
Fri Dec 9 2016,7:30p,Miami Heat,84,Cleveland Cavaliers,114,20562,
Fri Dec 9 2016,8:00p,Atlanta Hawks,114,Milwaukee Bucks,110,16289,
Fri Dec 9 2016,8:00p,Detroit Pistons,117,Minnesota Timberwolves,90,14109,
Fri Dec 9 2016,8:00p,Houston Rockets,102,Oklahoma City Thunder,99,18203,
Fri Dec 9 2016,8:30p,Indiana Pacers,103,Dallas Mavericks,111,19486,
Fri Dec 9 2016,10:30p,Phoenix Suns,119,Los Angeles Lakers,115,18997,
Fri Dec 9 2016,10:30p,New York Knicks,103,Sacramento Kings,100,17608,
Sat Dec 10 2016,7:00p,Portland Trail Blazers,111,Indiana Pacers,118,16211,
Sat Dec 10 2016,7:00p,Denver Nuggets,121,Orlando Magic,113,17010,
Sat Dec 10 2016,7:00p,Milwaukee Bucks,105,Washington Wizards,110,14816,
Sat Dec 10 2016,7:30p,Charlotte Hornets,105,Cleveland Cavaliers,116,20562,
Sat Dec 10 2016,8:00p,Miami Heat,100,Chicago Bulls,105,21450,
Sat Dec 10 2016,8:00p,Dallas Mavericks,87,Houston Rockets,109,15761,
Sat Dec 10 2016,8:00p,Golden State Warriors,89,Memphis Grizzlies,110,18119,
Sat Dec 10 2016,8:30p,Brooklyn Nets,101,San Antonio Spurs,130,18418,
Sat Dec 10 2016,9:00p,Sacramento Kings,84,Utah Jazz,104,19331,
Sat Dec 10 2016,10:30p,New Orleans Pelicans,105,Los Angeles Clippers,133,19060,
Sun Dec 11 2016,6:00p,Philadelphia 76ers,97,Detroit Pistons,79,7244,
Sun Dec 11 2016,7:00p,Golden State Warriors,116,Minnesota Timberwolves,108,18452,
Sun Dec 11 2016,7:00p,Boston Celtics,96,Oklahoma City Thunder,99,18203,
Sun Dec 11 2016,8:30p,New Orleans Pelicans,120,Phoenix Suns,119,16949,
Sun Dec 11 2016,9:30p,New York Knicks,118,Los Angeles Lakers,112,18997,
Mon Dec 12 2016,7:00p,Charlotte Hornets,94,Indiana Pacers,110,14138,
Mon Dec 12 2016,7:30p,Washington Wizards,101,Miami Heat,112,19600,
Mon Dec 12 2016,7:30p,Milwaukee Bucks,100,Toronto Raptors,122,19800,
Mon Dec 12 2016,8:00p,Brooklyn Nets,118,Houston Rockets,122,13619,
Mon Dec 12 2016,8:30p,Denver Nuggets,92,Dallas Mavericks,112,19425,
Mon Dec 12 2016,10:30p,Portland Trail Blazers,120,Los Angeles Clippers,121,19060,
Mon Dec 12 2016,10:30p,Los Angeles Lakers,92,Sacramento Kings,116,17608,
Tue Dec 13 2016,7:00p,Memphis Grizzlies,86,Cleveland Cavaliers,103,20562,
Tue Dec 13 2016,7:30p,Orlando Magic,131,Atlanta Hawks,120,13585,
Tue Dec 13 2016,8:00p,Minnesota Timberwolves,99,Chicago Bulls,94,21146,
Tue Dec 13 2016,8:00p,Golden State Warriors,113,New Orleans Pelicans,109,17789,
Tue Dec 13 2016,9:00p,New York Knicks,111,Phoenix Suns,113,16429,
Tue Dec 13 2016,10:30p,Oklahoma City Thunder,95,Portland Trail Blazers,114,19505,
Wed Dec 14 2016,7:00p,Indiana Pacers,89,Miami Heat,95,19600,
Wed Dec 14 2016,7:00p,Los Angeles Clippers,113,Orlando Magic,108,18846,
Wed Dec 14 2016,7:00p,Toronto Raptors,123,Philadelphia 76ers,114,16192,
Wed Dec 14 2016,7:00p,Charlotte Hornets,106,Washington Wizards,109,13447,
Wed Dec 14 2016,7:30p,Los Angeles Lakers,97,Brooklyn Nets,107,17732,
Wed Dec 14 2016,8:00p,Sacramento Kings,98,Houston Rockets,132,15039,
Wed Dec 14 2016,8:00p,Cleveland Cavaliers,85,Memphis Grizzlies,93,17449,
Wed Dec 14 2016,8:30p,Detroit Pistons,95,Dallas Mavericks,85,19687,
Wed Dec 14 2016,9:00p,Oklahoma City Thunder,89,Utah Jazz,109,19911,
Wed Dec 14 2016,9:30p,Boston Celtics,101,San Antonio Spurs,108,18418,
Thu Dec 15 2016,8:00p,Chicago Bulls,97,Milwaukee Bucks,108,16704,
Thu Dec 15 2016,8:00p,Indiana Pacers,95,New Orleans Pelicans,102,15472,
Thu Dec 15 2016,9:00p,Portland Trail Blazers,120,Denver Nuggets,132,10022,
Thu Dec 15 2016,9:00p,San Antonio Spurs,107,Phoenix Suns,92,17165,
Thu Dec 15 2016,10:30p,New York Knicks,90,Golden State Warriors,103,19596,
Fri Dec 16 2016,7:00p,Brooklyn Nets,111,Orlando Magic,118,17668,
Fri Dec 16 2016,7:00p,Detroit Pistons,108,Washington Wizards,122,15573,
Fri Dec 16 2016,7:30p,Charlotte Hornets,88,Boston Celtics,96,18624,
Fri Dec 16 2016,7:30p,Atlanta Hawks,125,Toronto Raptors,121,19800,
Fri Dec 16 2016,8:00p,Milwaukee Bucks,95,Chicago Bulls,69,21324,
Fri Dec 16 2016,8:00p,New Orleans Pelicans,100,Houston Rockets,122,16728,
Fri Dec 16 2016,8:00p,Sacramento Kings,96,Memphis Grizzlies,92,15987,
Fri Dec 16 2016,8:00p,Los Angeles Clippers,102,Miami Heat,98,19600,
Fri Dec 16 2016,8:00p,Los Angeles Lakers,100,Philadelphia 76ers,89,20491,
Fri Dec 16 2016,10:30p,Dallas Mavericks,100,Utah Jazz,103,18721,
Sat Dec 17 2016,5:00p,Phoenix Suns,101,Oklahoma City Thunder,114,18203,
Sat Dec 17 2016,7:00p,Indiana Pacers,105,Detroit Pistons,90,15231,
Sat Dec 17 2016,7:30p,Charlotte Hornets,107,Atlanta Hawks,99,17918,
Sat Dec 17 2016,7:30p,Los Angeles Lakers,108,Cleveland Cavaliers,119,20562,
Sat Dec 17 2016,8:00p,Houston Rockets,111,Minnesota Timberwolves,109,14689,
Sat Dec 17 2016,9:00p,New York Knicks,114,Denver Nuggets,127,12042,
Sat Dec 17 2016,10:30p,Portland Trail Blazers,90,Golden State Warriors,135,19596,
Sun Dec 18 2016,3:30p,Los Angeles Clippers,110,Washington Wizards,117,17380,
Sun Dec 18 2016,4:00p,Sacramento Kings,79,Dallas Mavericks,99,19504,
Sun Dec 18 2016,6:00p,Utah Jazz,82,Memphis Grizzlies,73,15862,
Sun Dec 18 2016,6:00p,Boston Celtics,105,Miami Heat,95,19600,
Sun Dec 18 2016,6:00p,Toronto Raptors,109,Orlando Magic,79,17251,
Sun Dec 18 2016,6:00p,Brooklyn Nets,107,Philadelphia 76ers,108,16460,
Sun Dec 18 2016,7:00p,New Orleans Pelicans,100,San Antonio Spurs,113,18615,
Mon Dec 19 2016,7:00p,Washington Wizards,105,Indiana Pacers,107,17686,
Mon Dec 19 2016,8:00p,Detroit Pistons,82,Chicago Bulls,113,21400,
Mon Dec 19 2016,8:00p,Phoenix Suns,108,Minnesota Timberwolves,115,12008,
Mon Dec 19 2016,8:00p,Atlanta Hawks,110,Oklahoma City Thunder,108,18203,
Mon Dec 19 2016,9:00p,Dallas Mavericks,107,Denver Nuggets,117,12581,
Tue Dec 20 2016,7:00p,Los Angeles Lakers,113,Charlotte Hornets,117,19093,
Tue Dec 20 2016,7:00p,New Orleans Pelicans,108,Philadelphia 76ers,93,16322,
Tue Dec 20 2016,7:30p,Orlando Magic,136,Miami Heat,130,19600,
Tue Dec 20 2016,7:30p,Indiana Pacers,111,New York Knicks,118,19812,
Tue Dec 20 2016,7:30p,Brooklyn Nets,104,Toronto Raptors,116,19800,
Tue Dec 20 2016,8:00p,San Antonio Spurs,102,Houston Rockets,100,18055,
Tue Dec 20 2016,8:00p,Boston Celtics,112,Memphis Grizzlies,109,16519,
Tue Dec 20 2016,8:00p,Cleveland Cavaliers,114,Milwaukee Bucks,108,17053,
Tue Dec 20 2016,10:30p,Utah Jazz,74,Golden State Warriors,104,19596,
Tue Dec 20 2016,10:30p,Denver Nuggets,102,Los Angeles Clippers,119,19060,
Tue Dec 20 2016,10:30p,Portland Trail Blazers,121,Sacramento Kings,126,17608,
Wed Dec 21 2016,7:00p,Milwaukee Bucks,102,Cleveland Cavaliers,113,20562,
Wed Dec 21 2016,7:30p,Minnesota Timberwolves,92,Atlanta Hawks,84,17578,
Wed Dec 21 2016,7:30p,Memphis Grizzlies,98,Detroit Pistons,86,16033,
Wed Dec 21 2016,8:00p,Washington Wizards,107,Chicago Bulls,97,21358,
Wed Dec 21 2016,8:00p,Oklahoma City Thunder,121,New Orleans Pelicans,110,16375,
Wed Dec 21 2016,9:00p,Houston Rockets,125,Phoenix Suns,111,18055,
Wed Dec 21 2016,9:00p,Sacramento Kings,94,Utah Jazz,93,19195,
Wed Dec 21 2016,10:00p,Dallas Mavericks,96,Portland Trail Blazers,95,19393,
Thu Dec 22 2016,7:00p,Boston Celtics,109,Indiana Pacers,102,17577,
Thu Dec 22 2016,7:30p,Golden State Warriors,117,Brooklyn Nets,101,17732,
Thu Dec 22 2016,7:30p,Orlando Magic,95,New York Knicks,106,19812,
Thu Dec 22 2016,8:00p,Los Angeles Lakers,107,Miami Heat,115,19712,
Thu Dec 22 2016,10:30p,San Antonio Spurs,101,Los Angeles Clippers,106,19060,
Fri Dec 23 2016,7:00p,Chicago Bulls,91,Charlotte Hornets,103,19249,
Fri Dec 23 2016,7:00p,Los Angeles Lakers,90,Orlando Magic,109,18846,
Fri Dec 23 2016,7:30p,Oklahoma City Thunder,117,Boston Celtics,112,18624,
Fri Dec 23 2016,7:30p,Brooklyn Nets,99,Cleveland Cavaliers,119,20562,
Fri Dec 23 2016,7:30p,Golden State Warriors,119,Detroit Pistons,113,21012,
Fri Dec 23 2016,8:00p,Houston Rockets,109,Memphis Grizzlies,115,17454,
Fri Dec 23 2016,8:00p,Washington Wizards,96,Milwaukee Bucks,123,15921,
Fri Dec 23 2016,8:00p,Sacramento Kings,109,Minnesota Timberwolves,105,13288,
Fri Dec 23 2016,8:00p,Miami Heat,87,New Orleans Pelicans,91,16322,
Fri Dec 23 2016,9:00p,Atlanta Hawks,109,Denver Nuggets,108,13823,
Fri Dec 23 2016,9:00p,Philadelphia 76ers,116,Phoenix Suns,123,16535,
Fri Dec 23 2016,9:00p,Toronto Raptors,104,Utah Jazz,98,19911,
Fri Dec 23 2016,10:00p,San Antonio Spurs,110,Portland Trail Blazers,90,19393,
Fri Dec 23 2016,10:30p,Dallas Mavericks,90,Los Angeles Clippers,88,19060,
Sun Dec 25 2016,12:00p,Boston Celtics,119,New York Knicks,114,19812,
Sun Dec 25 2016,2:30p,Golden State Warriors,108,Cleveland Cavaliers,109,20562,
Sun Dec 25 2016,5:00p,Chicago Bulls,100,San Antonio Spurs,119,18428,
Sun Dec 25 2016,8:00p,Minnesota Timberwolves,100,Oklahoma City Thunder,112,18203,
Sun Dec 25 2016,10:30p,Los Angeles Clippers,102,Los Angeles Lakers,111,18997,
Mon Dec 26 2016,7:00p,Memphis Grizzlies,102,Orlando Magic,112,17104,
Mon Dec 26 2016,7:00p,Milwaukee Bucks,102,Washington Wizards,107,15773,
Mon Dec 26 2016,7:30p,Charlotte Hornets,118,Brooklyn Nets,120,17732,
Mon Dec 26 2016,7:30p,Cleveland Cavaliers,90,Detroit Pistons,106,18123,
Mon Dec 26 2016,8:00p,Indiana Pacers,85,Chicago Bulls,90,21922,
Mon Dec 26 2016,8:00p,Phoenix Suns,115,Houston Rockets,131,18055,
Mon Dec 26 2016,8:00p,Atlanta Hawks,90,Minnesota Timberwolves,104,15617,
Mon Dec 26 2016,8:00p,Dallas Mavericks,104,New Orleans Pelicans,111,15764,
Mon Dec 26 2016,10:00p,Toronto Raptors,95,Portland Trail Blazers,91,19393,
Mon Dec 26 2016,10:30p,Denver Nuggets,106,Los Angeles Clippers,102,19060,
Mon Dec 26 2016,10:30p,Philadelphia 76ers,100,Sacramento Kings,102,17608,
Tue Dec 27 2016,7:30p,Memphis Grizzlies,103,Boston Celtics,113,18624,
Tue Dec 27 2016,7:30p,Oklahoma City Thunder,106,Miami Heat,94,19977,
Tue Dec 27 2016,8:30p,Houston Rockets,123,Dallas Mavericks,107,20425,
Tue Dec 27 2016,10:30p,Utah Jazz,102,Los Angeles Lakers,100,18997,
Wed Dec 28 2016,7:00p,Charlotte Hornets,120,Orlando Magic,101,18273,
Wed Dec 28 2016,7:00p,Indiana Pacers,105,Washington Wizards,111,16172,
Wed Dec 28 2016,7:30p,New York Knicks,98,Atlanta Hawks,102,19066,
Wed Dec 28 2016,7:30p,Milwaukee Bucks,119,Detroit Pistons,94,17222,
Wed Dec 28 2016,8:00p,Brooklyn Nets,99,Chicago Bulls,101,21957,
Wed Dec 28 2016,8:00p,Los Angeles Clippers,98,New Orleans Pelicans,102,16647,
Wed Dec 28 2016,8:30p,Phoenix Suns,98,San Antonio Spurs,119,18418,
Wed Dec 28 2016,9:00p,Minnesota Timberwolves,103,Denver Nuggets,105,15093,
Wed Dec 28 2016,10:00p,Sacramento Kings,89,Portland Trail Blazers,102,19665,
Wed Dec 28 2016,10:30p,Toronto Raptors,111,Golden State Warriors,121,19596,
Thu Dec 29 2016,7:00p,Miami Heat,82,Charlotte Hornets,91,19471,
Thu Dec 29 2016,8:00p,Boston Celtics,118,Cleveland Cavaliers,124,20562,
Thu Dec 29 2016,8:00p,Oklahoma City Thunder,80,Memphis Grizzlies,114,18119,
Thu Dec 29 2016,9:00p,Toronto Raptors,91,Phoenix Suns,99,18055,
Thu Dec 29 2016,9:00p,Philadelphia 76ers,83,Utah Jazz,100,19911,
Thu Dec 29 2016,10:30p,Dallas Mavericks,101,Los Angeles Lakers,89,18997,
Fri Dec 30 2016,4:00p,Chicago Bulls,101,Indiana Pacers,111,17923,
Fri Dec 30 2016,7:00p,Brooklyn Nets,95,Washington Wizards,118,16461,
Fri Dec 30 2016,7:30p,Miami Heat,114,Boston Celtics,117,18624,
Fri Dec 30 2016,8:00p,Detroit Pistons,98,Atlanta Hawks,105,19009,
Fri Dec 30 2016,8:00p,Los Angeles Clippers,116,Houston Rockets,140,18055,
Fri Dec 30 2016,8:00p,Milwaukee Bucks,99,Minnesota Timberwolves,116,17779,
Fri Dec 30 2016,8:00p,New York Knicks,92,New Orleans Pelicans,104,18124,
Fri Dec 30 2016,8:30p,Portland Trail Blazers,94,San Antonio Spurs,110,18418,
Fri Dec 30 2016,9:00p,Philadelphia 76ers,124,Denver Nuggets,122,13619,
Fri Dec 30 2016,10:30p,Dallas Mavericks,99,Golden State Warriors,108,19596,
Sat Dec 31 2016,5:00p,Memphis Grizzlies,112,Sacramento Kings,98,17608,
Sat Dec 31 2016,7:00p,Milwaukee Bucks,116,Chicago Bulls,96,21838,
Sat Dec 31 2016,7:00p,Cleveland Cavaliers,121,Charlotte Hornets,109,19519,
Sat Dec 31 2016,8:00p,New York Knicks,122,Houston Rockets,129,18055,
Sat Dec 31 2016,8:00p,Los Angeles Clippers,88,Oklahoma City Thunder,114,18203,
Sat Dec 31 2016,8:00p,Phoenix Suns,86,Utah Jazz,91,19911,
Sun Jan 1 2017,6:00p,San Antonio Spurs,112,Atlanta Hawks,114,18088,
Sun Jan 1 2017,6:00p,Orlando Magic,104,Indiana Pacers,117,17530,
Sun Jan 1 2017,6:00p,Detroit Pistons,107,Miami Heat,98,19844,
Sun Jan 1 2017,7:00p,Portland Trail Blazers,95,Minnesota Timberwolves,89,15804,
Sun Jan 1 2017,9:30p,Toronto Raptors,123,Los Angeles Lakers,114,18997,
Mon Jan 2 2017,7:00p,New Orleans Pelicans,82,Cleveland Cavaliers,90,20562,
Mon Jan 2 2017,7:00p,Oklahoma City Thunder,94,Milwaukee Bucks,98,17423,
Mon Jan 2 2017,7:30p,Utah Jazz,101,Brooklyn Nets,89,15634,
Mon Jan 2 2017,7:30p,Orlando Magic,115,New York Knicks,103,19812,
Mon Jan 2 2017,8:00p,Charlotte Hornets,111,Chicago Bulls,118,21612,
Mon Jan 2 2017,8:00p,Washington Wizards,91,Houston Rockets,101,16569,
Mon Jan 2 2017,10:30p,Denver Nuggets,119,Golden State Warriors,127,19596,
Mon Jan 2 2017,10:30p,Phoenix Suns,98,Los Angeles Clippers,109,19060,
Tue Jan 3 2017,7:00p,Minnesota Timberwolves,91,Philadelphia 76ers,93,17124,
Tue Jan 3 2017,7:30p,Utah Jazz,104,Boston Celtics,115,18624,
Tue Jan 3 2017,7:30p,Indiana Pacers,121,Detroit Pistons,116,13435,
Tue Jan 3 2017,8:30p,Washington Wizards,105,Dallas Mavericks,113,19318,
Tue Jan 3 2017,8:30p,Toronto Raptors,82,San Antonio Spurs,110,18418,
Tue Jan 3 2017,9:00p,Sacramento Kings,120,Denver Nuggets,113,11018,
Tue Jan 3 2017,9:00p,Miami Heat,90,Phoenix Suns,99,16772,
Tue Jan 3 2017,10:30p,Memphis Grizzlies,102,Los Angeles Lakers,116,18997,
Wed Jan 4 2017,7:00p,Oklahoma City Thunder,112,Charlotte Hornets,123,18418,
Wed Jan 4 2017,7:00p,Atlanta Hawks,111,Orlando Magic,92,18846,
Wed Jan 4 2017,7:30p,Milwaukee Bucks,105,New York Knicks,104,19812,
Wed Jan 4 2017,8:00p,Chicago Bulls,106,Cleveland Cavaliers,94,20562,
Wed Jan 4 2017,10:30p,Portland Trail Blazers,117,Golden State Warriors,125,19596,
Wed Jan 4 2017,10:30p,Memphis Grizzlies,106,Los Angeles Clippers,115,19060,
Wed Jan 4 2017,10:30p,Miami Heat,107,Sacramento Kings,102,17608,
Thu Jan 5 2017,7:00p,Brooklyn Nets,109,Indiana Pacers,121,16421,
Thu Jan 5 2017,7:30p,Charlotte Hornets,114,Detroit Pistons,115,13723,
Thu Jan 5 2017,7:30p,Utah Jazz,93,Toronto Raptors,101,19800,
Thu Jan 5 2017,8:00p,Oklahoma City Thunder,116,Houston Rockets,118,18055,
Thu Jan 5 2017,8:00p,Atlanta Hawks,99,New Orleans Pelicans,94,15003,
Thu Jan 5 2017,8:30p,Phoenix Suns,102,Dallas Mavericks,95,19570,
Thu Jan 5 2017,9:00p,San Antonio Spurs,127,Denver Nuggets,99,14391,
Thu Jan 5 2017,10:30p,Los Angeles Lakers,109,Portland Trail Blazers,118,19403,
Fri Jan 6 2017,7:00p,Houston Rockets,100,Orlando Magic,93,19272,
Fri Jan 6 2017,7:00p,Minnesota Timberwolves,105,Washington Wizards,112,18686,
Fri Jan 6 2017,7:30p,Philadelphia 76ers,106,Boston Celtics,110,18624,
Fri Jan 6 2017,7:30p,Cleveland Cavaliers,116,Brooklyn Nets,108,17732,
Fri Jan 6 2017,8:00p,New York Knicks,116,Milwaukee Bucks,111,18717,
Fri Jan 6 2017,10:30p,Memphis Grizzlies,128,Golden State Warriors,119,19596,
Fri Jan 6 2017,10:30p,Miami Heat,100,Los Angeles Lakers,127,18997,
Fri Jan 6 2017,10:30p,Los Angeles Clippers,106,Sacramento Kings,98,17608,
Sat Jan 7 2017,7:00p,New York Knicks,109,Indiana Pacers,123,17367,
Sat Jan 7 2017,7:30p,New Orleans Pelicans,108,Boston Celtics,117,18624,
Sat Jan 7 2017,8:00p,Toronto Raptors,118,Chicago Bulls,123,21195,
Sat Jan 7 2017,8:00p,Utah Jazz,94,Minnesota Timberwolves,92,13945,
Sat Jan 7 2017,8:00p,Denver Nuggets,106,Oklahoma City Thunder,121,18203,
Sat Jan 7 2017,8:30p,Atlanta Hawks,97,Dallas Mavericks,82,19655,
Sat Jan 7 2017,8:30p,Charlotte Hornets,85,San Antonio Spurs,102,18418,
Sun Jan 8 2017,12:00p,Philadelphia 76ers,105,Brooklyn Nets,95,16123,
Sun Jan 8 2017,2:00p,Washington Wizards,107,Milwaukee Bucks,101,15311,
Sun Jan 8 2017,3:30p,Miami Heat,86,Los Angeles Clippers,98,19060,
Sun Jan 8 2017,6:00p,Houston Rockets,129,Toronto Raptors,122,19800,
Sun Jan 8 2017,8:00p,Utah Jazz,79,Memphis Grizzlies,88,16112,
Sun Jan 8 2017,8:30p,Cleveland Cavaliers,120,Phoenix Suns,116,18055,
Sun Jan 8 2017,9:00p,Detroit Pistons,125,Portland Trail Blazers,124,13506,
Sun Jan 8 2017,9:00p,Golden State Warriors,117,Sacramento Kings,106,17608,
Sun Jan 8 2017,9:30p,Orlando Magic,95,Los Angeles Lakers,111,18997,
Mon Jan 9 2017,7:30p,New Orleans Pelicans,110,New York Knicks,96,19812,
Mon Jan 9 2017,8:00p,Oklahoma City Thunder,109,Chicago Bulls,94,21923,
Mon Jan 9 2017,8:00p,Dallas Mavericks,92,Minnesota Timberwolves,101,9625,
Tue Jan 10 2017,7:00p,Chicago Bulls,99,Washington Wizards,101,14361,
Tue Jan 10 2017,7:30p,Atlanta Hawks,117,Brooklyn Nets,97,13279,
Tue Jan 10 2017,7:30p,Boston Celtics,106,Toronto Raptors,114,19800,
Tue Jan 10 2017,8:00p,Charlotte Hornets,114,Houston Rockets,121,16196,
Tue Jan 10 2017,8:30p,Milwaukee Bucks,109,San Antonio Spurs,107,18418,
Tue Jan 10 2017,9:00p,Cleveland Cavaliers,92,Utah Jazz,100,19911,
Tue Jan 10 2017,10:30p,Miami Heat,95,Golden State Warriors,107,19596,
Tue Jan 10 2017,10:30p,Portland Trail Blazers,108,Los Angeles Lakers,87,18483,
Tue Jan 10 2017,10:30p,Detroit Pistons,94,Sacramento Kings,100,17608,
Wed Jan 11 2017,7:00p,New York Knicks,97,Philadelphia 76ers,98,18755,
Wed Jan 11 2017,8:00p,Washington Wizards,108,Boston Celtics,117,18624,
Wed Jan 11 2017,8:00p,Houston Rockets,105,Minnesota Timberwolves,119,13858,
Wed Jan 11 2017,8:00p,Memphis Grizzlies,95,Oklahoma City Thunder,103,18203,
Wed Jan 11 2017,10:30p,Orlando Magic,96,Los Angeles Clippers,105,19060,
Wed Jan 11 2017,10:30p,Cleveland Cavaliers,86,Portland Trail Blazers,102,19393,
Thu Jan 12 2017,3:00p,Indiana Pacers,112,Denver Nuggets,140,18689,at London England
Thu Jan 12 2017,7:30p,New Orleans Pelicans,104,Brooklyn Nets,95,14352,
Thu Jan 12 2017,8:00p,Chicago Bulls,89,New York Knicks,104,19812,
Thu Jan 12 2017,8:30p,Los Angeles Lakers,94,San Antonio Spurs,134,18418,
Thu Jan 12 2017,10:00p,Dallas Mavericks,113,Phoenix Suns,108,19874,at Mexico City Mexico
Thu Jan 12 2017,10:30p,Detroit Pistons,107,Golden State Warriors,127,19596,
Fri Jan 13 2017,7:00p,Charlotte Hornets,93,Philadelphia 76ers,102,18215,
Fri Jan 13 2017,7:30p,Brooklyn Nets,113,Toronto Raptors,132,19800,
Fri Jan 13 2017,8:00p,Boston Celtics,103,Atlanta Hawks,101,18216,
Fri Jan 13 2017,8:00p,Memphis Grizzlies,110,Houston Rockets,105,18055,
Fri Jan 13 2017,8:00p,Miami Heat,108,Milwaukee Bucks,116,17483,
Fri Jan 13 2017,8:00p,Oklahoma City Thunder,86,Minnesota Timberwolves,96,16644,
Fri Jan 13 2017,10:00p,Orlando Magic,115,Portland Trail Blazers,109,19344,
Fri Jan 13 2017,10:30p,Cleveland Cavaliers,120,Sacramento Kings,108,17608,
Fri Jan 13 2017,10:30p,Detroit Pistons,77,Utah Jazz,110,19911,
Sat Jan 14 2017,3:30p,Los Angeles Lakers,97,Los Angeles Clippers,113,19060,
Sat Jan 14 2017,5:00p,New Orleans Pelicans,99,Chicago Bulls,107,21916,
Sat Jan 14 2017,6:00p,San Antonio Spurs,105,Phoenix Suns,108,20532,at Mexico City Mexico
Sat Jan 14 2017,8:00p,Philadelphia 76ers,93,Washington Wizards,109,17880,
Sat Jan 14 2017,9:00p,Orlando Magic,107,Utah Jazz,114,19911,
Sun Jan 15 2017,2:00p,Minnesota Timberwolves,87,Dallas Mavericks,98,19655,
Sun Jan 15 2017,3:00p,Milwaukee Bucks,98,Atlanta Hawks,111,14231,
Sun Jan 15 2017,3:00p,New York Knicks,101,Toronto Raptors,116,19800,
Sun Jan 15 2017,6:00p,Houston Rockets,137,Brooklyn Nets,112,17732,
Sun Jan 15 2017,9:00p,Chicago Bulls,108,Memphis Grizzlies,104,18119,
Sun Jan 15 2017,9:00p,Oklahoma City Thunder,122,Sacramento Kings,118,17608,
Sun Jan 15 2017,9:30p,Detroit Pistons,102,Los Angeles Lakers,97,18997,
Mon Jan 16 2017,1:00p,Atlanta Hawks,108,New York Knicks,107,19812,
Mon Jan 16 2017,2:00p,Portland Trail Blazers,101,Washington Wizards,120,17395,
Mon Jan 16 2017,3:30p,Philadelphia 76ers,113,Milwaukee Bucks,104,13261,
Mon Jan 16 2017,4:00p,New Orleans Pelicans,95,Indiana Pacers,98,15525,
Mon Jan 16 2017,5:00p,Orlando Magic,112,Denver Nuggets,125,11217,
Mon Jan 16 2017,7:30p,Charlotte Hornets,98,Boston Celtics,108,18624,
Mon Jan 16 2017,8:00p,Cleveland Cavaliers,91,Golden State Warriors,126,19596,
Mon Jan 16 2017,9:00p,Utah Jazz,106,Phoenix Suns,101,16767,
Mon Jan 16 2017,10:30p,Oklahoma City Thunder,98,Los Angeles Clippers,120,19060,
Tue Jan 17 2017,7:30p,Toronto Raptors,119,Brooklyn Nets,109,12874,
Tue Jan 17 2017,7:30p,Houston Rockets,103,Miami Heat,109,19600,
Tue Jan 17 2017,8:00p,Dallas Mavericks,99,Chicago Bulls,98,21294,
Tue Jan 17 2017,8:30p,Minnesota Timberwolves,114,San Antonio Spurs,122,18418,
Tue Jan 17 2017,10:30p,Denver Nuggets,127,Los Angeles Lakers,121,18412,
Wed Jan 18 2017,7:00p,Portland Trail Blazers,85,Charlotte Hornets,107,15451,
Wed Jan 18 2017,7:00p,Toronto Raptors,89,Philadelphia 76ers,94,17223,
Wed Jan 18 2017,7:00p,Memphis Grizzlies,101,Washington Wizards,104,15079,
Wed Jan 18 2017,7:30p,New York Knicks,117,Boston Celtics,106,18624,
Wed Jan 18 2017,8:00p,Atlanta Hawks,95,Detroit Pistons,118,15159,
Wed Jan 18 2017,8:00p,Milwaukee Bucks,92,Houston Rockets,111,15782,
Wed Jan 18 2017,8:00p,Orlando Magic,98,New Orleans Pelicans,118,15818,
Wed Jan 18 2017,10:30p,Oklahoma City Thunder,100,Golden State Warriors,121,19596,
Wed Jan 18 2017,10:30p,Indiana Pacers,106,Sacramento Kings,100,17608,
Thu Jan 19 2017,7:00p,Phoenix Suns,103,Cleveland Cavaliers,118,20562,
Thu Jan 19 2017,7:30p,Dallas Mavericks,95,Miami Heat,99,19600,
Thu Jan 19 2017,8:00p,Washington Wizards,113,New York Knicks,110,19812,
Thu Jan 19 2017,8:30p,Denver Nuggets,104,San Antonio Spurs,118,18418,
Thu Jan 19 2017,10:30p,Minnesota Timberwolves,104,Los Angeles Clippers,101,19060,
Fri Jan 20 2017,7:00p,Toronto Raptors,78,Charlotte Hornets,113,18378,
Fri Jan 20 2017,7:00p,Milwaukee Bucks,96,Orlando Magic,112,19307,
Fri Jan 20 2017,7:00p,Portland Trail Blazers,92,Philadelphia 76ers,93,19476,
Fri Jan 20 2017,8:00p,Chicago Bulls,93,Atlanta Hawks,102,16328,
Fri Jan 20 2017,8:00p,Golden State Warriors,125,Houston Rockets,108,18055,
Fri Jan 20 2017,8:00p,Sacramento Kings,91,Memphis Grizzlies,107,16991,
Fri Jan 20 2017,8:00p,Brooklyn Nets,143,New Orleans Pelicans,114,17004,
Fri Jan 20 2017,8:30p,Utah Jazz,112,Dallas Mavericks,107,19421,
Fri Jan 20 2017,10:30p,Indiana Pacers,95,Los Angeles Lakers,108,18997,
Sat Jan 21 2017,5:00p,Portland Trail Blazers,127,Boston Celtics,123,18624,
Sat Jan 21 2017,6:00p,Washington Wizards,112,Detroit Pistons,113,18231,
Sat Jan 21 2017,7:00p,Philadelphia 76ers,93,Atlanta Hawks,110,15116,
Sat Jan 21 2017,7:00p,Brooklyn Nets,105,Charlotte Hornets,112,18583,
Sat Jan 21 2017,7:30p,Milwaukee Bucks,97,Miami Heat,109,19600,
Sat Jan 21 2017,7:30p,Phoenix Suns,107,New York Knicks,105,19812,
Sat Jan 21 2017,8:00p,Houston Rockets,119,Memphis Grizzlies,95,18119,
Sat Jan 21 2017,8:30p,San Antonio Spurs,118,Cleveland Cavaliers,115,20562,
Sat Jan 21 2017,9:00p,Sacramento Kings,99,Chicago Bulls,102,21606,
Sat Jan 21 2017,9:00p,Los Angeles Clippers,98,Denver Nuggets,123,16056,
Sat Jan 21 2017,9:00p,Indiana Pacers,100,Utah Jazz,109,19911,
Sun Jan 22 2017,12:00p,Golden State Warriors,118,Orlando Magic,98,18846,
Sun Jan 22 2017,3:30p,Los Angeles Lakers,73,Dallas Mavericks,122,19484,
Sun Jan 22 2017,6:00p,Phoenix Suns,115,Toronto Raptors,103,19800,
Sun Jan 22 2017,7:00p,Denver Nuggets,108,Minnesota Timberwolves,111,12788,
Mon Jan 23 2017,7:00p,Washington Wizards,109,Charlotte Hornets,99,15285,
Mon Jan 23 2017,7:30p,Los Angeles Clippers,115,Atlanta Hawks,105,12853,
Mon Jan 23 2017,7:30p,San Antonio Spurs,112,Brooklyn Nets,86,16643,
Mon Jan 23 2017,7:30p,Sacramento Kings,109,Detroit Pistons,104,14017,
Mon Jan 23 2017,7:30p,Golden State Warriors,102,Miami Heat,105,19600,
Mon Jan 23 2017,8:00p,New York Knicks,109,Indiana Pacers,103,16015,
Mon Jan 23 2017,8:00p,Houston Rockets,114,Milwaukee Bucks,127,14016,
Mon Jan 23 2017,8:00p,Cleveland Cavaliers,122,New Orleans Pelicans,124,17758,
Mon Jan 23 2017,9:00p,Oklahoma City Thunder,97,Utah Jazz,95,19911,
Tue Jan 24 2017,7:00p,Chicago Bulls,100,Orlando Magic,92,18846,
Tue Jan 24 2017,7:00p,Los Angeles Clippers,110,Philadelphia 76ers,121,17591,
Tue Jan 24 2017,7:00p,San Antonio Spurs,108,Toronto Raptors,106,19800,
Tue Jan 24 2017,7:00p,Boston Celtics,108,Washington Wizards,123,16387,
Tue Jan 24 2017,9:00p,Utah Jazz,93,Denver Nuggets,103,10867,
Tue Jan 24 2017,9:00p,Minnesota Timberwolves,112,Phoenix Suns,111,17241,
Wed Jan 25 2017,7:00p,Sacramento Kings,116,Cleveland Cavaliers,112,20562,
Wed Jan 25 2017,7:30p,Houston Rockets,109,Boston Celtics,120,18624,
Wed Jan 25 2017,7:30p,Miami Heat,109,Brooklyn Nets,106,14929,
Wed Jan 25 2017,8:00p,Atlanta Hawks,119,Chicago Bulls,114,21445,
Wed Jan 25 2017,8:00p,Golden State Warriors,113,Charlotte Hornets,103,19639,
Wed Jan 25 2017,8:00p,Toronto Raptors,99,Memphis Grizzlies,101,15904,
Wed Jan 25 2017,8:00p,Philadelphia 76ers,114,Milwaukee Bucks,109,13663,
Wed Jan 25 2017,8:00p,Oklahoma City Thunder,114,New Orleans Pelicans,105,15277,
Wed Jan 25 2017,8:30p,New York Knicks,95,Dallas Mavericks,103,19750,
Wed Jan 25 2017,10:30p,Los Angeles Lakers,98,Portland Trail Blazers,105,19393,
Thu Jan 26 2017,8:00p,Indiana Pacers,109,Minnesota Timberwolves,103,14862,
Thu Jan 26 2017,8:00p,Dallas Mavericks,98,Oklahoma City Thunder,109,18203,
Thu Jan 26 2017,9:00p,Phoenix Suns,120,Denver Nuggets,127,12231,
Thu Jan 26 2017,10:30p,Los Angeles Lakers,88,Utah Jazz,96,19911,
Fri Jan 27 2017,7:00p,Sacramento Kings,111,Indiana Pacers,115,17522,
Fri Jan 27 2017,7:30p,Orlando Magic,98,Boston Celtics,128,18624,
Fri Jan 27 2017,7:30p,Brooklyn Nets,116,Cleveland Cavaliers,124,20562,
Fri Jan 27 2017,7:30p,Charlotte Hornets,107,New York Knicks,110,19812,
Fri Jan 27 2017,7:30p,Milwaukee Bucks,86,Toronto Raptors,102,19800,
Fri Jan 27 2017,8:00p,Washington Wizards,112,Atlanta Hawks,86,16968,
Fri Jan 27 2017,8:00p,Miami Heat,100,Chicago Bulls,88,22082,
Fri Jan 27 2017,8:00p,San Antonio Spurs,103,New Orleans Pelicans,119,17757,
Fri Jan 27 2017,8:00p,Houston Rockets,123,Philadelphia 76ers,118,20588,
Fri Jan 27 2017,10:00p,Memphis Grizzlies,109,Portland Trail Blazers,112,19558,
Sat Jan 28 2017,7:00p,Sacramento Kings,109,Charlotte Hornets,106,18597,
Sat Jan 28 2017,7:30p,Detroit Pistons,103,Miami Heat,116,19600,
Sat Jan 28 2017,8:00p,Boston Celtics,112,Milwaukee Bucks,108,18717,
Sat Jan 28 2017,8:30p,Los Angeles Clippers,98,Golden State Warriors,144,19596,
Sat Jan 28 2017,9:00p,Brooklyn Nets,109,Minnesota Timberwolves,129,14798,
Sat Jan 28 2017,9:00p,Denver Nuggets,123,Phoenix Suns,112,18055,
Sat Jan 28 2017,9:00p,Memphis Grizzlies,102,Utah Jazz,95,19911,
Sun Jan 29 2017,3:00p,New York Knicks,139,Atlanta Hawks,142,13643,
Sun Jan 29 2017,3:30p,Oklahoma City Thunder,91,Cleveland Cavaliers,107,20562,
Sun Jan 29 2017,6:00p,Houston Rockets,101,Indiana Pacers,120,17923,
Sun Jan 29 2017,6:00p,Washington Wizards,107,New Orleans Pelicans,94,16779,
Sun Jan 29 2017,6:00p,Orlando Magic,114,Toronto Raptors,113,19800,
Sun Jan 29 2017,7:00p,Philadelphia 76ers,108,Chicago Bulls,121,21606,
Sun Jan 29 2017,7:00p,Dallas Mavericks,105,San Antonio Spurs,101,18418,
Sun Jan 29 2017,9:00p,Golden State Warriors,113,Portland Trail Blazers,111,19393,
Mon Jan 30 2017,6:00p,Sacramento Kings,119,Philadelphia 76ers,122,15840,
Mon Jan 30 2017,7:30p,Brooklyn Nets,96,Miami Heat,104,19600,
Mon Jan 30 2017,8:00p,Detroit Pistons,109,Boston Celtics,113,18188,
Mon Jan 30 2017,8:00p,Orlando Magic,105,Minnesota Timberwolves,111,11124,
Mon Jan 30 2017,8:30p,Cleveland Cavaliers,97,Dallas Mavericks,104,20202,
Mon Jan 30 2017,10:30p,Memphis Grizzlies,115,Phoenix Suns,96,16332,
Tue Jan 31 2017,7:00p,New Orleans Pelicans,106,Toronto Raptors,108,19800,
Tue Jan 31 2017,7:00p,New York Knicks,101,Washington Wizards,117,16683,
Tue Jan 31 2017,8:00p,Sacramento Kings,83,Houston Rockets,105,15187,
Tue Jan 31 2017,8:30p,Oklahoma City Thunder,94,San Antonio Spurs,108,18418,
Tue Jan 31 2017,10:00p,Charlotte Hornets,98,Portland Trail Blazers,115,19393,
Tue Jan 31 2017,10:30p,Denver Nuggets,116,Los Angeles Lakers,120,18997,
Wed Feb 1 2017,7:00p,Minnesota Timberwolves,97,Cleveland Cavaliers,125,20562,
Wed Feb 1 2017,7:00p,Indiana Pacers,98,Orlando Magic,88,16662,
Wed Feb 1 2017,7:30p,Toronto Raptors,104,Boston Celtics,109,18624,
Wed Feb 1 2017,7:30p,New York Knicks,95,Brooklyn Nets,90,17732,
Wed Feb 1 2017,7:30p,New Orleans Pelicans,98,Detroit Pistons,118,14262,
Wed Feb 1 2017,7:30p,Atlanta Hawks,93,Miami Heat,116,19600,
Wed Feb 1 2017,8:30p,Philadelphia 76ers,95,Dallas Mavericks,113,19263,
Wed Feb 1 2017,9:00p,Memphis Grizzlies,119,Denver Nuggets,99,12020,
Wed Feb 1 2017,9:00p,Los Angeles Clippers,124,Phoenix Suns,114,16191,
Wed Feb 1 2017,9:00p,Milwaukee Bucks,88,Utah Jazz,104,19694,
Wed Feb 1 2017,9:30p,Chicago Bulls,128,Oklahoma City Thunder,100,18203,
Wed Feb 1 2017,10:30p,Charlotte Hornets,111,Golden State Warriors,126,19596,
Thu Feb 2 2017,7:00p,Los Angeles Lakers,108,Washington Wizards,116,16473,
Thu Feb 2 2017,8:00p,Atlanta Hawks,113,Houston Rockets,108,15602,
Thu Feb 2 2017,8:30p,Philadelphia 76ers,86,San Antonio Spurs,102,18418,
Thu Feb 2 2017,10:30p,Golden State Warriors,133,Los Angeles Clippers,120,19385,
Fri Feb 3 2017,7:00p,Toronto Raptors,94,Orlando Magic,102,17141,
Fri Feb 3 2017,7:30p,Indiana Pacers,106,Brooklyn Nets,97,14557,
Fri Feb 3 2017,7:30p,Minnesota Timberwolves,108,Detroit Pistons,116,16934,
Fri Feb 3 2017,8:00p,Los Angeles Lakers,107,Boston Celtics,113,18624,
Fri Feb 3 2017,8:00p,Chicago Bulls,117,Houston Rockets,121,18055,
Fri Feb 3 2017,8:00p,Memphis Grizzlies,102,Oklahoma City Thunder,114,18203,
Fri Feb 3 2017,9:00p,Milwaukee Bucks,117,Denver Nuggets,121,18792,
Fri Feb 3 2017,10:30p,Dallas Mavericks,108,Portland Trail Blazers,104,19393,
Fri Feb 3 2017,10:30p,Phoenix Suns,105,Sacramento Kings,103,17608,
Sat Feb 4 2017,7:00p,Orlando Magic,86,Atlanta Hawks,113,16691,
Sat Feb 4 2017,7:00p,Detroit Pistons,84,Indiana Pacers,105,17660,
Sat Feb 4 2017,7:00p,New Orleans Pelicans,91,Washington Wizards,105,19651,
Sat Feb 4 2017,7:30p,Philadelphia 76ers,102,Miami Heat,125,19754,
Sat Feb 4 2017,8:30p,Cleveland Cavaliers,111,New York Knicks,104,19812,
Sat Feb 4 2017,9:00p,Memphis Grizzlies,107,Minnesota Timberwolves,99,15081,
Sat Feb 4 2017,9:00p,Milwaukee Bucks,137,Phoenix Suns,112,17192,
Sat Feb 4 2017,9:00p,Denver Nuggets,97,San Antonio Spurs,121,18418,
Sat Feb 4 2017,9:00p,Charlotte Hornets,98,Utah Jazz,105,19911,
Sat Feb 4 2017,10:30p,Golden State Warriors,106,Sacramento Kings,109,17608,
Sun Feb 5 2017,12:00p,Toronto Raptors,103,Brooklyn Nets,95,14245,
Sun Feb 5 2017,2:00p,Los Angeles Clippers,102,Boston Celtics,107,18624,
Sun Feb 5 2017,3:00p,Portland Trail Blazers,99,Oklahoma City Thunder,105,18203,
Mon Feb 6 2017,7:00p,Oklahoma City Thunder,90,Indiana Pacers,93,16123,
Mon Feb 6 2017,7:00p,Los Angeles Lakers,121,New York Knicks,107,19812,
Mon Feb 6 2017,7:00p,Cleveland Cavaliers,140,Washington Wizards,135,20356,
Mon Feb 6 2017,7:30p,Utah Jazz,120,Atlanta Hawks,95,13126,
Mon Feb 6 2017,7:30p,Philadelphia 76ers,96,Detroit Pistons,113,14731,
Mon Feb 6 2017,7:30p,Los Angeles Clippers,109,Toronto Raptors,118,19800,
Mon Feb 6 2017,8:00p,Miami Heat,115,Minnesota Timberwolves,113,12502,
Mon Feb 6 2017,8:00p,Phoenix Suns,106,New Orleans Pelicans,111,15888,
Mon Feb 6 2017,9:00p,Dallas Mavericks,87,Denver Nuggets,110,13047,
Mon Feb 6 2017,9:30p,San Antonio Spurs,74,Memphis Grizzlies,89,16708,
Mon Feb 6 2017,10:30p,Chicago Bulls,112,Sacramento Kings,107,17608,
Tue Feb 7 2017,7:00p,Brooklyn Nets,107,Charlotte Hornets,111,15322,
Tue Feb 7 2017,8:00p,Orlando Magic,104,Houston Rockets,128,15514,
Tue Feb 7 2017,8:30p,Portland Trail Blazers,114,Dallas Mavericks,113,19326,
Wed Feb 8 2017,7:00p,Cleveland Cavaliers,132,Indiana Pacers,117,17580,
Wed Feb 8 2017,7:00p,San Antonio Spurs,111,Philadelphia 76ers,103,19233,
Wed Feb 8 2017,7:30p,Denver Nuggets,106,Atlanta Hawks,117,14222,
Wed Feb 8 2017,7:30p,Washington Wizards,114,Brooklyn Nets,110,13179,
Wed Feb 8 2017,7:30p,Los Angeles Lakers,102,Detroit Pistons,121,15121,
Wed Feb 8 2017,8:00p,Phoenix Suns,91,Memphis Grizzlies,110,16044,
Wed Feb 8 2017,8:00p,Miami Heat,106,Milwaukee Bucks,88,14211,
Wed Feb 8 2017,8:00p,Toronto Raptors,109,Minnesota Timberwolves,112,13832,
Wed Feb 8 2017,8:00p,Utah Jazz,127,New Orleans Pelicans,94,14508,
Wed Feb 8 2017,8:00p,Los Angeles Clippers,119,New York Knicks,115,19812,
Wed Feb 8 2017,10:30p,Chicago Bulls,92,Golden State Warriors,123,19596,
Wed Feb 8 2017,10:30p,Boston Celtics,92,Sacramento Kings,108,17608,
Thu Feb 9 2017,7:00p,Houston Rockets,107,Charlotte Hornets,95,16270,
Thu Feb 9 2017,7:00p,Philadelphia 76ers,112,Orlando Magic,111,17829,
Thu Feb 9 2017,8:00p,Cleveland Cavaliers,109,Oklahoma City Thunder,118,18203,
Thu Feb 9 2017,8:30p,Utah Jazz,105,Dallas Mavericks,112,19883,
Thu Feb 9 2017,10:30p,Boston Celtics,120,Portland Trail Blazers,111,19393,
Fri Feb 10 2017,7:30p,Miami Heat,108,Brooklyn Nets,99,15382,
Fri Feb 10 2017,7:30p,San Antonio Spurs,103,Detroit Pistons,92,17222,
Fri Feb 10 2017,7:30p,Denver Nuggets,131,New York Knicks,123,19812,
Fri Feb 10 2017,8:00p,Golden State Warriors,122,Memphis Grizzlies,107,18119,
Fri Feb 10 2017,8:00p,Los Angeles Lakers,122,Milwaukee Bucks,114,16380,
Fri Feb 10 2017,8:00p,New Orleans Pelicans,122,Minnesota Timberwolves,106,16093,
Fri Feb 10 2017,8:00p,Indiana Pacers,107,Washington Wizards,112,19503,
Fri Feb 10 2017,10:30p,Chicago Bulls,97,Phoenix Suns,115,18055,
Fri Feb 10 2017,10:30p,Atlanta Hawks,107,Sacramento Kings,108,17608,
Sat Feb 11 2017,5:00p,Los Angeles Clippers,107,Charlotte Hornets,102,19483,
Sat Feb 11 2017,7:00p,Milwaukee Bucks,116,Indiana Pacers,100,17923,
Sat Feb 11 2017,7:30p,Denver Nuggets,109,Cleveland Cavaliers,125,20562,
Sat Feb 11 2017,7:30p,Miami Heat,109,Philadelphia 76ers,117,20698,
Sat Feb 11 2017,8:30p,Golden State Warriors,130,Oklahoma City Thunder,114,18203,
Sat Feb 11 2017,9:00p,Orlando Magic,80,Dallas Mavericks,112,20052,
Sat Feb 11 2017,9:00p,Phoenix Suns,102,Houston Rockets,133,18055,
Sat Feb 11 2017,10:00p,Boston Celtics,112,Utah Jazz,104,19911,
Sun Feb 12 2017,3:30p,Chicago Bulls,89,Minnesota Timberwolves,117,19356,
Sun Feb 12 2017,3:30p,San Antonio Spurs,90,New York Knicks,94,19812,
Sun Feb 12 2017,6:00p,Detroit Pistons,102,Toronto Raptors,101,19800,
Sun Feb 12 2017,9:00p,New Orleans Pelicans,99,Sacramento Kings,105,17608,
Mon Feb 13 2017,7:00p,Philadelphia 76ers,105,Charlotte Hornets,99,15775,
Mon Feb 13 2017,7:00p,San Antonio Spurs,110,Indiana Pacers,106,15203,
Mon Feb 13 2017,7:30p,Memphis Grizzlies,112,Brooklyn Nets,103,13597,
Mon Feb 13 2017,7:30p,Orlando Magic,116,Miami Heat,107,19600,
Mon Feb 13 2017,8:00p,Detroit Pistons,89,Milwaukee Bucks,102,13397,
Mon Feb 13 2017,8:00p,Oklahoma City Thunder,98,Washington Wizards,120,20356,
Mon Feb 13 2017,8:30p,Boston Celtics,111,Dallas Mavericks,98,20159,
Mon Feb 13 2017,9:00p,Golden State Warriors,110,Denver Nuggets,132,19941,
Mon Feb 13 2017,9:00p,New Orleans Pelicans,110,Phoenix Suns,108,16321,
Mon Feb 13 2017,9:00p,Los Angeles Clippers,88,Utah Jazz,72,19521,
Mon Feb 13 2017,10:30p,Atlanta Hawks,109,Portland Trail Blazers,104,19475,
Tue Feb 14 2017,8:00p,Toronto Raptors,94,Chicago Bulls,105,21220,
Tue Feb 14 2017,8:00p,Cleveland Cavaliers,116,Minnesota Timberwolves,108,17738,
Tue Feb 14 2017,10:30p,Sacramento Kings,97,Los Angeles Lakers,96,19997,
Wed Feb 15 2017,7:00p,Indiana Pacers,104,Cleveland Cavaliers,113,20562,
Wed Feb 15 2017,7:00p,San Antonio Spurs,107,Orlando Magic,79,17101,
Wed Feb 15 2017,7:30p,Philadelphia 76ers,108,Boston Celtics,116,18624,
Wed Feb 15 2017,7:30p,Milwaukee Bucks,129,Brooklyn Nets,125,16182,
Wed Feb 15 2017,7:30p,Dallas Mavericks,91,Detroit Pistons,98,13549,
Wed Feb 15 2017,7:30p,Charlotte Hornets,85,Toronto Raptors,90,19800,
Wed Feb 15 2017,8:00p,Miami Heat,117,Houston Rockets,109,16967,
Wed Feb 15 2017,8:00p,New Orleans Pelicans,95,Memphis Grizzlies,91,16145,
Wed Feb 15 2017,9:00p,Minnesota Timberwolves,112,Denver Nuggets,99,13924,
Wed Feb 15 2017,9:00p,Los Angeles Lakers,101,Phoenix Suns,137,18055,
Wed Feb 15 2017,9:00p,Portland Trail Blazers,88,Utah Jazz,111,19590,
Wed Feb 15 2017,9:30p,New York Knicks,105,Oklahoma City Thunder,116,18203,
Wed Feb 15 2017,10:30p,Sacramento Kings,86,Golden State Warriors,109,19596,
Wed Feb 15 2017,10:30p,Atlanta Hawks,84,Los Angeles Clippers,99,19060,
Thu Feb 16 2017,7:00p,Washington Wizards,111,Indiana Pacers,98,17233,
Thu Feb 16 2017,8:00p,Boston Celtics,103,Chicago Bulls,104,21866,
Thu Feb 23 2017,7:00p,Portland Trail Blazers,112,Orlando Magic,103,17487,
Thu Feb 23 2017,7:30p,Charlotte Hornets,108,Detroit Pistons,114,14913,
Thu Feb 23 2017,8:00p,New York Knicks,104,Cleveland Cavaliers,119,20562,
Thu Feb 23 2017,8:00p,Houston Rockets,129,New Orleans Pelicans,99,18470,
Thu Feb 23 2017,10:30p,Los Angeles Clippers,113,Golden State Warriors,123,19596,
Thu Feb 23 2017,10:30p,Denver Nuggets,100,Sacramento Kings,116,17608,
Fri Feb 24 2017,7:00p,Memphis Grizzlies,92,Indiana Pacers,102,17923,
Fri Feb 24 2017,7:00p,Washington Wizards,112,Philadelphia 76ers,120,19277,
Fri Feb 24 2017,8:00p,Miami Heat,108,Atlanta Hawks,90,18122,
Fri Feb 24 2017,8:00p,Phoenix Suns,121,Chicago Bulls,128,21641,
Fri Feb 24 2017,8:00p,Utah Jazz,109,Milwaukee Bucks,95,16064,
Fri Feb 24 2017,8:00p,Dallas Mavericks,84,Minnesota Timberwolves,97,15948,
Fri Feb 24 2017,8:00p,Los Angeles Lakers,93,Oklahoma City Thunder,110,18203,
Fri Feb 24 2017,8:00p,Boston Celtics,97,Toronto Raptors,107,19800,
Fri Feb 24 2017,9:00p,Brooklyn Nets,109,Denver Nuggets,129,17143,
Fri Feb 24 2017,10:30p,San Antonio Spurs,105,Los Angeles Clippers,97,19060,
Sat Feb 25 2017,5:00p,Charlotte Hornets,99,Sacramento Kings,85,17608,
Sat Feb 25 2017,7:00p,Atlanta Hawks,86,Orlando Magic,105,18498,
Sat Feb 25 2017,7:30p,Philadelphia 76ers,109,New York Knicks,110,19812,
Sat Feb 25 2017,8:00p,Indiana Pacers,95,Miami Heat,113,19600,
Sat Feb 25 2017,8:30p,Chicago Bulls,117,Cleveland Cavaliers,99,20562,
Sat Feb 25 2017,8:30p,New Orleans Pelicans,83,Dallas Mavericks,96,20411,
Sat Feb 25 2017,9:00p,Minnesota Timberwolves,130,Houston Rockets,142,18055,
Sat Feb 25 2017,10:30p,Brooklyn Nets,95,Golden State Warriors,112,19596,
Sun Feb 26 2017,3:30p,San Antonio Spurs,119,Los Angeles Lakers,98,18997,
Sun Feb 26 2017,3:30p,Phoenix Suns,96,Milwaukee Bucks,100,16051,
Sun Feb 26 2017,5:00p,Memphis Grizzlies,105,Denver Nuggets,98,18024,
Sun Feb 26 2017,5:00p,Utah Jazz,102,Washington Wizards,92,19648,
Sun Feb 26 2017,6:00p,Boston Celtics,104,Detroit Pistons,98,20141,
Sun Feb 26 2017,6:00p,Portland Trail Blazers,106,Toronto Raptors,112,19800,
Sun Feb 26 2017,7:00p,New Orleans Pelicans,110,Oklahoma City Thunder,118,18203,
Sun Feb 26 2017,9:30p,Charlotte Hornets,121,Los Angeles Clippers,124,19060,
Mon Feb 27 2017,7:00p,Milwaukee Bucks,95,Cleveland Cavaliers,102,20562,
Mon Feb 27 2017,7:00p,Toronto Raptors,92,New York Knicks,91,19812,
Mon Feb 27 2017,7:00p,Golden State Warriors,119,Philadelphia 76ers,108,20585,
Mon Feb 27 2017,7:30p,Atlanta Hawks,114,Boston Celtics,98,18624,
Mon Feb 27 2017,8:30p,Miami Heat,89,Dallas Mavericks,96,19539,
Mon Feb 27 2017,9:30p,Indiana Pacers,117,Houston Rockets,108,18055,
Mon Feb 27 2017,10:30p,Minnesota Timberwolves,102,Sacramento Kings,88,17608,
Tue Feb 28 2017,7:00p,Golden State Warriors,108,Washington Wizards,112,20356,
Tue Feb 28 2017,7:30p,Portland Trail Blazers,113,Detroit Pistons,120,13502,
Tue Feb 28 2017,8:00p,Denver Nuggets,125,Chicago Bulls,107,21015,
Tue Feb 28 2017,8:00p,Phoenix Suns,112,Memphis Grizzlies,130,15871,
Tue Feb 28 2017,8:00p,Utah Jazz,106,Oklahoma City Thunder,109,18203,
Tue Feb 28 2017,10:30p,Charlotte Hornets,109,Los Angeles Lakers,104,18997,
Wed Mar 1 2017,7:00p,New York Knicks,101,Orlando Magic,90,16005,
Wed Mar 1 2017,7:30p,Dallas Mavericks,95,Atlanta Hawks,100,12483,
Wed Mar 1 2017,7:30p,Philadelphia 76ers,98,Miami Heat,125,19609,
Wed Mar 1 2017,7:30p,Washington Wizards,105,Toronto Raptors,96,19800,
Wed Mar 1 2017,8:00p,Cleveland Cavaliers,99,Boston Celtics,103,18624,
Wed Mar 1 2017,8:00p,Denver Nuggets,110,Milwaukee Bucks,98,13214,
Wed Mar 1 2017,8:00p,Detroit Pistons,86,New Orleans Pelicans,109,14406,
Wed Mar 1 2017,8:30p,Indiana Pacers,99,San Antonio Spurs,100,18418,
Wed Mar 1 2017,9:00p,Minnesota Timberwolves,107,Utah Jazz,80,19127,
Wed Mar 1 2017,10:30p,Houston Rockets,122,Los Angeles Clippers,103,19060,
Wed Mar 1 2017,10:30p,Brooklyn Nets,109,Sacramento Kings,100,17608,
Thu Mar 2 2017,8:00p,Golden State Warriors,87,Chicago Bulls,94,22253,
Thu Mar 2 2017,9:00p,Charlotte Hornets,103,Phoenix Suns,120,16572,
Thu Mar 2 2017,10:30p,Oklahoma City Thunder,109,Portland Trail Blazers,114,19875,
Fri Mar 3 2017,7:00p,Cleveland Cavaliers,135,Atlanta Hawks,130,18877,
Fri Mar 3 2017,7:00p,Miami Heat,99,Orlando Magic,110,17136,
Fri Mar 3 2017,7:00p,New York Knicks,102,Philadelphia 76ers,105,18518,
Fri Mar 3 2017,7:00p,Toronto Raptors,114,Washington Wizards,106,20356,
Fri Mar 3 2017,8:00p,Los Angeles Clippers,101,Milwaukee Bucks,112,16208,
Fri Mar 3 2017,8:30p,Memphis Grizzlies,100,Dallas Mavericks,104,19480,
Fri Mar 3 2017,9:00p,Oklahoma City Thunder,111,Phoenix Suns,118,18055,
Fri Mar 3 2017,9:00p,Brooklyn Nets,97,Utah Jazz,112,19911,
Fri Mar 3 2017,9:30p,San Antonio Spurs,101,New Orleans Pelicans,98,17669,
Fri Mar 3 2017,10:30p,Boston Celtics,115,Los Angeles Lakers,95,18997,
Sat Mar 4 2017,6:00p,Detroit Pistons,136,Philadelphia 76ers,106,19523,
Sat Mar 4 2017,8:00p,Cleveland Cavaliers,92,Miami Heat,120,19600,
Sat Mar 4 2017,8:00p,Toronto Raptors,94,Milwaukee Bucks,101,16775,
Sat Mar 4 2017,8:30p,Los Angeles Clippers,101,Chicago Bulls,91,22807,
Sat Mar 4 2017,9:00p,Charlotte Hornets,112,Denver Nuggets,102,14708,
Sat Mar 4 2017,9:00p,Memphis Grizzlies,108,Houston Rockets,123,18055,
Sat Mar 4 2017,9:00p,Minnesota Timberwolves,90,San Antonio Spurs,97,18418,
Sat Mar 4 2017,10:00p,Brooklyn Nets,116,Portland Trail Blazers,130,19638,
Sun Mar 5 2017,1:00p,Indiana Pacers,97,Atlanta Hawks,96,15366,
Sun Mar 5 2017,3:30p,Golden State Warriors,112,New York Knicks,105,19812,
Sun Mar 5 2017,5:00p,Boston Celtics,106,Phoenix Suns,109,16790,
Sun Mar 5 2017,5:00p,Orlando Magic,114,Washington Wizards,115,19195,
Sun Mar 5 2017,6:00p,Utah Jazz,110,Sacramento Kings,109,17608,
Sun Mar 5 2017,8:30p,Oklahoma City Thunder,89,Dallas Mavericks,104,20232,
Sun Mar 5 2017,9:30p,New Orleans Pelicans,105,Los Angeles Lakers,97,18997,
Mon Mar 6 2017,7:00p,Miami Heat,106,Cleveland Cavaliers,98,20562,
Mon Mar 6 2017,7:00p,New York Knicks,113,Orlando Magic,105,16046,
Mon Mar 6 2017,7:00p,Milwaukee Bucks,112,Philadelphia 76ers,98,18351,
Mon Mar 6 2017,7:30p,Golden State Warriors,119,Atlanta Hawks,111,18890,
Mon Mar 6 2017,7:30p,Chicago Bulls,95,Detroit Pistons,109,16039,
Mon Mar 6 2017,8:00p,Indiana Pacers,88,Charlotte Hornets,100,16387,
Mon Mar 6 2017,8:00p,Brooklyn Nets,122,Memphis Grizzlies,109,15505,
Mon Mar 6 2017,8:30p,Houston Rockets,110,San Antonio Spurs,112,18418,
Mon Mar 6 2017,9:00p,Sacramento Kings,96,Denver Nuggets,108,11614,
Mon Mar 6 2017,9:00p,New Orleans Pelicans,83,Utah Jazz,88,19649,
Mon Mar 6 2017,10:30p,Boston Celtics,102,Los Angeles Clippers,116,19283,
Tue Mar 7 2017,8:00p,Portland Trail Blazers,126,Oklahoma City Thunder,121,18203,
Tue Mar 7 2017,8:30p,Los Angeles Lakers,111,Dallas Mavericks,122,20484,
Tue Mar 7 2017,9:00p,Washington Wizards,131,Phoenix Suns,127,16372,
Wed Mar 8 2017,7:00p,Chicago Bulls,91,Orlando Magic,98,16063,
Wed Mar 8 2017,7:30p,Brooklyn Nets,105,Atlanta Hawks,110,11931,
Wed Mar 8 2017,7:30p,Charlotte Hornets,101,Miami Heat,108,19600,
Wed Mar 8 2017,8:00p,Utah Jazz,115,Houston Rockets,108,16230,
Wed Mar 8 2017,8:00p,Detroit Pistons,98,Indiana Pacers,115,14353,
Wed Mar 8 2017,8:00p,New York Knicks,93,Milwaukee Bucks,104,13767,
Wed Mar 8 2017,8:00p,Los Angeles Clippers,91,Minnesota Timberwolves,107,14933,
Wed Mar 8 2017,8:00p,Toronto Raptors,94,New Orleans Pelicans,87,14543,
Wed Mar 8 2017,8:30p,Sacramento Kings,104,San Antonio Spurs,114,18418,
Wed Mar 8 2017,9:00p,Washington Wizards,123,Denver Nuggets,113,12323,
Wed Mar 8 2017,10:30p,Boston Celtics,99,Golden State Warriors,86,19596,
Thu Mar 9 2017,7:30p,Cleveland Cavaliers,101,Detroit Pistons,106,19421,
Thu Mar 9 2017,8:00p,Los Angeles Clippers,114,Memphis Grizzlies,98,16642,
Thu Mar 9 2017,8:00p,San Antonio Spurs,92,Oklahoma City Thunder,102,18203,
Thu Mar 9 2017,10:00p,Philadelphia 76ers,108,Portland Trail Blazers,114,19240,
Thu Mar 9 2017,10:30p,Los Angeles Lakers,122,Phoenix Suns,110,17552,
Fri Mar 10 2017,7:00p,Orlando Magic,81,Charlotte Hornets,121,17444,
Fri Mar 10 2017,8:00p,Toronto Raptors,99,Atlanta Hawks,105,16078,
Fri Mar 10 2017,8:00p,Houston Rockets,115,Chicago Bulls,94,21995,
Fri Mar 10 2017,8:00p,Indiana Pacers,85,Milwaukee Bucks,99,16177,
Fri Mar 10 2017,8:00p,Golden State Warriors,102,Minnesota Timberwolves,103,20412,
Fri Mar 10 2017,9:00p,Brooklyn Nets,96,Dallas Mavericks,105,20022,
Fri Mar 10 2017,9:00p,Boston Celtics,99,Denver Nuggets,119,17147,
Fri Mar 10 2017,10:30p,Washington Wizards,130,Sacramento Kings,122,17608,
Sat Mar 11 2017,3:00p,Utah Jazz,104,Oklahoma City Thunder,112,18203,
Sat Mar 11 2017,3:30p,Philadelphia 76ers,100,Los Angeles Clippers,112,19060,
Sat Mar 11 2017,5:00p,New York Knicks,92,Detroit Pistons,112,19607,
Sat Mar 11 2017,7:00p,New Orleans Pelicans,125,Charlotte Hornets,122,18196,
Sat Mar 11 2017,7:00p,Cleveland Cavaliers,116,Orlando Magic,104,18846,
Sat Mar 11 2017,8:00p,Toronto Raptors,89,Miami Heat,104,19745,
Sat Mar 11 2017,8:00p,Minnesota Timberwolves,95,Milwaukee Bucks,102,18717,
Sat Mar 11 2017,8:30p,Golden State Warriors,85,San Antonio Spurs,107,18418,
Sat Mar 11 2017,9:00p,Phoenix Suns,100,Dallas Mavericks,98,20324,
Sat Mar 11 2017,9:00p,Atlanta Hawks,107,Memphis Grizzlies,90,17523,
Sat Mar 11 2017,10:00p,Washington Wizards,125,Portland Trail Blazers,124,19482,
Sat Mar 11 2017,10:30p,Denver Nuggets,105,Sacramento Kings,92,17608,
Sun Mar 12 2017,3:30p,Chicago Bulls,80,Boston Celtics,100,18624,
Sun Mar 12 2017,6:00p,New York Knicks,112,Brooklyn Nets,120,17732,
Sun Mar 12 2017,6:00p,Miami Heat,98,Indiana Pacers,102,17923,
Sun Mar 12 2017,9:00p,Cleveland Cavaliers,112,Houston Rockets,117,18055,
Sun Mar 12 2017,9:00p,Portland Trail Blazers,110,Phoenix Suns,101,16664,
Sun Mar 12 2017,9:30p,Philadelphia 76ers,118,Los Angeles Lakers,116,18997,
Mon Mar 13 2017,7:00p,Chicago Bulls,115,Charlotte Hornets,109,16489,
Mon Mar 13 2017,7:30p,Dallas Mavericks,78,Toronto Raptors,100,19800,
Mon Mar 13 2017,8:00p,Milwaukee Bucks,93,Memphis Grizzlies,113,16770,
Mon Mar 13 2017,8:00p,Washington Wizards,104,Minnesota Timberwolves,119,15747,
Mon Mar 13 2017,8:00p,Atlanta Hawks,99,San Antonio Spurs,107,18418,
Mon Mar 13 2017,9:00p,Los Angeles Clippers,108,Utah Jazz,114,19911,
Mon Mar 13 2017,10:30p,Los Angeles Lakers,101,Denver Nuggets,129,17344,
Mon Mar 13 2017,10:30p,Orlando Magic,115,Sacramento Kings,120,17608,
Tue Mar 14 2017,7:00p,Detroit Pistons,96,Cleveland Cavaliers,128,20562,
Tue Mar 14 2017,7:30p,Oklahoma City Thunder,122,Brooklyn Nets,104,13911,
Tue Mar 14 2017,7:30p,Indiana Pacers,81,New York Knicks,87,18261,
Tue Mar 14 2017,8:00p,Portland Trail Blazers,77,New Orleans Pelicans,100,15530,
Tue Mar 14 2017,10:30p,Philadelphia 76ers,104,Golden State Warriors,106,19596,
Wed Mar 15 2017,7:00p,Charlotte Hornets,77,Indiana Pacers,98,14169,
Wed Mar 15 2017,7:00p,Dallas Mavericks,112,Washington Wizards,107,17844,
Wed Mar 15 2017,7:30p,Minnesota Timberwolves,104,Boston Celtics,117,18624,
Wed Mar 15 2017,7:30p,Utah Jazz,97,Detroit Pistons,83,14033,
Wed Mar 15 2017,7:30p,New Orleans Pelicans,112,Miami Heat,120,19678,
Wed Mar 15 2017,8:00p,Memphis Grizzlies,98,Chicago Bulls,91,21583,
Wed Mar 15 2017,8:00p,Los Angeles Lakers,100,Houston Rockets,139,18055,
Wed Mar 15 2017,8:00p,Portland Trail Blazers,110,San Antonio Spurs,106,18418,
Wed Mar 15 2017,10:00p,Sacramento Kings,107,Phoenix Suns,101,17196,
Wed Mar 15 2017,10:30p,Milwaukee Bucks,97,Los Angeles Clippers,96,19060,
Thu Mar 16 2017,7:00p,Utah Jazz,83,Cleveland Cavaliers,91,20562,
Thu Mar 16 2017,7:00p,Oklahoma City Thunder,123,Toronto Raptors,102,19800,
Thu Mar 16 2017,7:30p,Memphis Grizzlies,103,Atlanta Hawks,91,17063,
Thu Mar 16 2017,7:30p,Brooklyn Nets,121,New York Knicks,110,19812,
Thu Mar 16 2017,9:00p,Los Angeles Clippers,114,Denver Nuggets,129,14179,
Thu Mar 16 2017,10:30p,Orlando Magic,92,Golden State Warriors,122,19596,
Fri Mar 17 2017,7:00p,Dallas Mavericks,74,Philadelphia 76ers,116,17642,
Fri Mar 17 2017,7:00p,Chicago Bulls,107,Washington Wizards,112,20356,
Fri Mar 17 2017,7:30p,Boston Celtics,98,Brooklyn Nets,95,17732,
Fri Mar 17 2017,7:30p,Toronto Raptors,87,Detroit Pistons,75,16541,
Fri Mar 17 2017,8:00p,Minnesota Timberwolves,105,Miami Heat,123,19600,
Fri Mar 17 2017,8:00p,Houston Rockets,112,New Orleans Pelicans,128,17972,
Fri Mar 17 2017,10:00p,Orlando Magic,109,Phoenix Suns,103,16880,
Fri Mar 17 2017,10:30p,Milwaukee Bucks,107,Los Angeles Lakers,103,18997,
Sat Mar 18 2017,3:00p,Sacramento Kings,94,Oklahoma City Thunder,110,18203,
Sat Mar 18 2017,6:00p,Portland Trail Blazers,113,Atlanta Hawks,97,16543,
Sat Mar 18 2017,7:00p,Washington Wizards,93,Charlotte Hornets,98,19361,
Sat Mar 18 2017,8:30p,Cleveland Cavaliers,78,Los Angeles Clippers,108,19379,
Sat Mar 18 2017,9:00p,Utah Jazz,86,Chicago Bulls,95,21953,
Sat Mar 18 2017,9:00p,San Antonio Spurs,96,Memphis Grizzlies,104,18119,
Sat Mar 18 2017,9:30p,Houston Rockets,109,Denver Nuggets,105,17512,
Sat Mar 18 2017,10:30p,Milwaukee Bucks,92,Golden State Warriors,117,19596,
Sun Mar 19 2017,12:00p,Dallas Mavericks,111,Brooklyn Nets,104,14045,
Sun Mar 19 2017,1:00p,Boston Celtics,99,Philadelphia 76ers,105,19446,
Sun Mar 19 2017,4:30p,Phoenix Suns,95,Detroit Pistons,112,19588,
Sun Mar 19 2017,6:00p,Portland Trail Blazers,115,Miami Heat,104,19600,
Sun Mar 19 2017,6:00p,Minnesota Timberwolves,109,New Orleans Pelicans,123,16111,
Sun Mar 19 2017,6:00p,Indiana Pacers,91,Toronto Raptors,116,19800,
Sun Mar 19 2017,7:00p,Sacramento Kings,102,San Antonio Spurs,118,18418,
Sun Mar 19 2017,9:30p,Cleveland Cavaliers,125,Los Angeles Lakers,120,18997,
Mon Mar 20 2017,7:00p,Atlanta Hawks,90,Charlotte Hornets,105,14278,
Mon Mar 20 2017,7:00p,Utah Jazz,100,Indiana Pacers,107,15458,
Mon Mar 20 2017,7:00p,Philadelphia 76ers,109,Orlando Magic,112,16236,
Mon Mar 20 2017,7:30p,Washington Wizards,102,Boston Celtics,110,18624,
Mon Mar 20 2017,8:00p,Denver Nuggets,124,Houston Rockets,125,16080,
Mon Mar 20 2017,8:00p,Golden State Warriors,111,Oklahoma City Thunder,95,18203,
Mon Mar 20 2017,10:30p,New York Knicks,105,Los Angeles Clippers,114,19060,
Tue Mar 21 2017,7:00p,Chicago Bulls,120,Toronto Raptors,122,19800,
Tue Mar 21 2017,7:30p,Detroit Pistons,96,Brooklyn Nets,98,14343,
Tue Mar 21 2017,7:30p,Phoenix Suns,97,Miami Heat,112,19600,
Tue Mar 21 2017,8:00p,Memphis Grizzlies,82,New Orleans Pelicans,95,15973,
Tue Mar 21 2017,8:30p,Golden State Warriors,112,Dallas Mavericks,87,20453,
Tue Mar 21 2017,9:30p,San Antonio Spurs,100,Minnesota Timberwolves,93,13742,
Tue Mar 21 2017,10:00p,Milwaukee Bucks,93,Portland Trail Blazers,90,19525,
Tue Mar 21 2017,10:30p,Los Angeles Clippers,133,Los Angeles Lakers,109,18724,
Wed Mar 22 2017,7:00p,Charlotte Hornets,109,Orlando Magic,102,16034,
Wed Mar 22 2017,7:30p,Indiana Pacers,100,Boston Celtics,109,18624,
Wed Mar 22 2017,8:00p,Detroit Pistons,95,Chicago Bulls,117,21503,
Wed Mar 22 2017,8:00p,Philadelphia 76ers,97,Oklahoma City Thunder,122,18203,
Wed Mar 22 2017,8:00p,Atlanta Hawks,100,Washington Wizards,104,18137,
Wed Mar 22 2017,9:00p,Cleveland Cavaliers,113,Denver Nuggets,126,19718,
Wed Mar 22 2017,10:30p,Milwaukee Bucks,116,Sacramento Kings,98,17608,
Wed Mar 22 2017,10:30p,New York Knicks,101,Utah Jazz,108,19911,
Thu Mar 23 2017,7:30p,Phoenix Suns,98,Brooklyn Nets,126,15141,
Thu Mar 23 2017,7:30p,Toronto Raptors,101,Miami Heat,84,19745,
Thu Mar 23 2017,8:30p,Los Angeles Clippers,95,Dallas Mavericks,97,19703,
Thu Mar 23 2017,8:30p,Memphis Grizzlies,90,San Antonio Spurs,97,18418,
Thu Mar 23 2017,10:00p,New York Knicks,95,Portland Trail Blazers,110,19020,
Fri Mar 24 2017,7:00p,Cleveland Cavaliers,112,Charlotte Hornets,105,19511,
Fri Mar 24 2017,7:00p,Denver Nuggets,125,Indiana Pacers,117,17923,
Fri Mar 24 2017,7:00p,Detroit Pistons,87,Orlando Magic,115,18076,
Fri Mar 24 2017,7:00p,Brooklyn Nets,108,Washington Wizards,129,19616,
Fri Mar 24 2017,7:30p,Phoenix Suns,120,Boston Celtics,130,18624,
Fri Mar 24 2017,8:00p,Philadelphia 76ers,117,Chicago Bulls,107,21558,
Fri Mar 24 2017,8:00p,New Orleans Pelicans,107,Houston Rockets,117,18055,
Fri Mar 24 2017,8:00p,Atlanta Hawks,97,Milwaukee Bucks,100,16786,
Fri Mar 24 2017,10:30p,Sacramento Kings,100,Golden State Warriors,114,19596,
Fri Mar 24 2017,10:30p,Minnesota Timberwolves,119,Los Angeles Lakers,130,18997,
Sat Mar 25 2017,3:30p,Utah Jazz,95,Los Angeles Clippers,108,19060,
Sat Mar 25 2017,7:30p,Washington Wizards,127,Cleveland Cavaliers,115,20562,
Sat Mar 25 2017,8:30p,Toronto Raptors,94,Dallas Mavericks,86,19934,
Sat Mar 25 2017,8:30p,New York Knicks,98,San Antonio Spurs,106,18418,
Sat Mar 25 2017,10:00p,Minnesota Timberwolves,100,Portland Trail Blazers,112,19580,
Sun Mar 26 2017,1:00p,Brooklyn Nets,107,Atlanta Hawks,92,15921,
Sun Mar 26 2017,1:00p,Phoenix Suns,106,Charlotte Hornets,120,17292,
Sun Mar 26 2017,3:30p,Oklahoma City Thunder,125,Houston Rockets,137,18055,
Sun Mar 26 2017,3:30p,Sacramento Kings,98,Los Angeles Clippers,97,19060,
Sun Mar 26 2017,3:30p,Chicago Bulls,109,Milwaukee Bucks,94,17669,
Sun Mar 26 2017,6:00p,Miami Heat,108,Boston Celtics,112,18624,
Sun Mar 26 2017,6:00p,Philadelphia 76ers,94,Indiana Pacers,107,16467,
Sun Mar 26 2017,8:00p,New Orleans Pelicans,115,Denver Nuggets,90,19850,
Sun Mar 26 2017,8:00p,Memphis Grizzlies,94,Golden State Warriors,106,19596,
Sun Mar 26 2017,9:30p,Portland Trail Blazers,97,Los Angeles Lakers,81,18698,
Mon Mar 27 2017,7:30p,Detroit Pistons,95,New York Knicks,109,19812,
Mon Mar 27 2017,7:30p,Orlando Magic,112,Toronto Raptors,131,19800,
Mon Mar 27 2017,8:00p,Cleveland Cavaliers,74,San Antonio Spurs,103,18418,
Mon Mar 27 2017,8:30p,Oklahoma City Thunder,92,Dallas Mavericks,91,19970,
Mon Mar 27 2017,10:30p,Memphis Grizzlies,90,Sacramento Kings,91,17608,
Mon Mar 27 2017,10:30p,New Orleans Pelicans,100,Utah Jazz,108,18924,
Tue Mar 28 2017,7:00p,Milwaukee Bucks,118,Charlotte Hornets,108,16505,
Tue Mar 28 2017,7:00p,Minnesota Timberwolves,115,Indiana Pacers,114,17534,
Tue Mar 28 2017,7:30p,Phoenix Suns,91,Atlanta Hawks,95,13412,
Tue Mar 28 2017,7:30p,Philadelphia 76ers,106,Brooklyn Nets,101,15471,
Tue Mar 28 2017,7:30p,Miami Heat,97,Detroit Pistons,96,17160,
Tue Mar 28 2017,8:00p,Golden State Warriors,113,Houston Rockets,106,18055,
Tue Mar 28 2017,10:00p,Denver Nuggets,113,Portland Trail Blazers,122,20003,
Tue Mar 28 2017,10:30p,Washington Wizards,119,Los Angeles Lakers,108,18997,
Wed Mar 29 2017,7:00p,Oklahoma City Thunder,114,Orlando Magic,106,18408,
Wed Mar 29 2017,7:00p,Atlanta Hawks,99,Philadelphia 76ers,92,15212,
Wed Mar 29 2017,7:30p,Milwaukee Bucks,103,Boston Celtics,100,18624,
Wed Mar 29 2017,7:30p,Miami Heat,105,New York Knicks,88,19812,
Wed Mar 29 2017,7:30p,Charlotte Hornets,110,Toronto Raptors,106,19800,
Wed Mar 29 2017,8:00p,Indiana Pacers,97,Memphis Grizzlies,110,16367,
Wed Mar 29 2017,8:00p,Dallas Mavericks,118,New Orleans Pelicans,121,16000,
Wed Mar 29 2017,9:30p,Golden State Warriors,110,San Antonio Spurs,98,18418,
Wed Mar 29 2017,10:30p,Washington Wizards,124,Los Angeles Clippers,133,19060,
Wed Mar 29 2017,10:30p,Utah Jazz,112,Sacramento Kings,82,17608,
Thu Mar 30 2017,7:30p,Brooklyn Nets,89,Detroit Pistons,90,15804,
Thu Mar 30 2017,8:00p,Cleveland Cavaliers,93,Chicago Bulls,99,22282,
Thu Mar 30 2017,8:00p,Los Angeles Lakers,104,Minnesota Timberwolves,119,18179,
Thu Mar 30 2017,10:00p,Los Angeles Clippers,124,Phoenix Suns,118,16736,
Thu Mar 30 2017,10:30p,Houston Rockets,107,Portland Trail Blazers,117,20049,
Fri Mar 31 2017,7:00p,Denver Nuggets,114,Charlotte Hornets,122,18353,
Fri Mar 31 2017,7:00p,Indiana Pacers,100,Toronto Raptors,111,19800,
Fri Mar 31 2017,7:30p,Orlando Magic,116,Boston Celtics,117,18624,
Fri Mar 31 2017,7:30p,Philadelphia 76ers,105,Cleveland Cavaliers,122,20562,
Fri Mar 31 2017,8:00p,Dallas Mavericks,90,Memphis Grizzlies,99,17317,
Fri Mar 31 2017,8:00p,New York Knicks,98,Miami Heat,94,19600,
Fri Mar 31 2017,8:00p,Detroit Pistons,105,Milwaukee Bucks,108,18717,
Fri Mar 31 2017,8:00p,Sacramento Kings,89,New Orleans Pelicans,117,17304,
Fri Mar 31 2017,8:00p,San Antonio Spurs,100,Oklahoma City Thunder,95,18203,
Fri Mar 31 2017,9:00p,Washington Wizards,88,Utah Jazz,95,19911,
Fri Mar 31 2017,10:30p,Houston Rockets,98,Golden State Warriors,107,19596,
Sat Apr 1 2017,3:30p,Los Angeles Lakers,104,Los Angeles Clippers,115,19060,
Sat Apr 1 2017,5:00p,Atlanta Hawks,104,Chicago Bulls,106,22019,
Sat Apr 1 2017,6:00p,Orlando Magic,111,Brooklyn Nets,121,15976,
Sat Apr 1 2017,8:00p,Sacramento Kings,123,Minnesota Timberwolves,117,18960,
Sat Apr 1 2017,10:00p,Phoenix Suns,117,Portland Trail Blazers,130,18915,
Sun Apr 2 2017,1:00p,Boston Celtics,110,New York Knicks,94,19812,
Sun Apr 2 2017,3:00p,Charlotte Hornets,113,Oklahoma City Thunder,101,18203,
Sun Apr 2 2017,3:30p,Memphis Grizzlies,103,Los Angeles Lakers,108,18997,
Sun Apr 2 2017,3:30p,Dallas Mavericks,109,Milwaukee Bucks,105,18717,
Sun Apr 2 2017,3:30p,Utah Jazz,103,San Antonio Spurs,109,18418,
Sun Apr 2 2017,6:00p,Atlanta Hawks,82,Brooklyn Nets,91,15040,
Sun Apr 2 2017,6:00p,Indiana Pacers,130,Cleveland Cavaliers,135,20562,
Sun Apr 2 2017,6:00p,Denver Nuggets,116,Miami Heat,113,19600,
Sun Apr 2 2017,6:00p,Chicago Bulls,117,New Orleans Pelicans,110,18306,
Sun Apr 2 2017,6:00p,Philadelphia 76ers,105,Toronto Raptors,113,19800,
Sun Apr 2 2017,8:00p,Washington Wizards,115,Golden State Warriors,139,19596,
Sun Apr 2 2017,9:00p,Houston Rockets,123,Phoenix Suns,116,17378,
Mon Apr 3 2017,7:00p,Portland Trail Blazers,109,Minnesota Timberwolves,110,14677,
Tue Apr 4 2017,7:00p,Orlando Magic,102,Cleveland Cavaliers,122,20562,
Tue Apr 4 2017,7:00p,Toronto Raptors,90,Indiana Pacers,108,16524,
Tue Apr 4 2017,7:00p,Brooklyn Nets,141,Philadelphia 76ers,118,14580,
Tue Apr 4 2017,7:00p,Charlotte Hornets,111,Washington Wizards,118,18614,
Tue Apr 4 2017,8:00p,Denver Nuggets,134,New Orleans Pelicans,131,16050,
Tue Apr 4 2017,8:00p,Chicago Bulls,91,New York Knicks,100,19812,
Tue Apr 4 2017,8:00p,Milwaukee Bucks,79,Oklahoma City Thunder,110,18203,
Tue Apr 4 2017,8:30p,Memphis Grizzlies,89,San Antonio Spurs,95,18418,
Tue Apr 4 2017,9:00p,Portland Trail Blazers,87,Utah Jazz,106,19911,
Tue Apr 4 2017,10:30p,Minnesota Timberwolves,107,Golden State Warriors,121,19596,
Tue Apr 4 2017,10:30p,Dallas Mavericks,87,Sacramento Kings,98,17608,
Wed Apr 5 2017,7:00p,Miami Heat,112,Charlotte Hornets,99,17758,
Wed Apr 5 2017,7:30p,Toronto Raptors,105,Detroit Pistons,102,17578,
Wed Apr 5 2017,8:00p,Cleveland Cavaliers,114,Boston Celtics,91,18624,
Wed Apr 5 2017,8:00p,Denver Nuggets,104,Houston Rockets,110,18055,
Wed Apr 5 2017,8:00p,Oklahoma City Thunder,103,Memphis Grizzlies,100,17298,
Wed Apr 5 2017,8:30p,Los Angeles Lakers,102,San Antonio Spurs,95,18418,
Wed Apr 5 2017,10:00p,Golden State Warriors,120,Phoenix Suns,111,18055,
Wed Apr 5 2017,10:30p,Dallas Mavericks,101,Los Angeles Clippers,112,19060,
Thu Apr 6 2017,7:00p,Milwaukee Bucks,89,Indiana Pacers,104,17010,
Thu Apr 6 2017,7:00p,Brooklyn Nets,107,Orlando Magic,115,18095,
Thu Apr 6 2017,7:00p,Chicago Bulls,102,Philadelphia 76ers,90,15177,
Thu Apr 6 2017,7:30p,Washington Wizards,106,New York Knicks,103,19812,
Thu Apr 6 2017,8:00p,Boston Celtics,116,Atlanta Hawks,123,18688,
Thu Apr 6 2017,10:30p,Minnesota Timberwolves,98,Portland Trail Blazers,105,19393,
Fri Apr 7 2017,7:30p,Atlanta Hawks,114,Cleveland Cavaliers,100,20562,
Fri Apr 7 2017,7:30p,Miami Heat,94,Toronto Raptors,96,19800,
Fri Apr 7 2017,8:00p,Detroit Pistons,114,Houston Rockets,109,18055,
Fri Apr 7 2017,8:00p,New York Knicks,88,Memphis Grizzlies,101,17631,
Fri Apr 7 2017,8:30p,San Antonio Spurs,102,Dallas Mavericks,89,20133,
Fri Apr 7 2017,9:00p,New Orleans Pelicans,106,Denver Nuggets,122,16348,
Fri Apr 7 2017,9:00p,Minnesota Timberwolves,113,Utah Jazz,120,19911,
Fri Apr 7 2017,10:00p,Oklahoma City Thunder,99,Phoenix Suns,120,18055,
Fri Apr 7 2017,10:30p,Sacramento Kings,94,Los Angeles Lakers,98,18997,
Sat Apr 8 2017,5:00p,Chicago Bulls,106,Brooklyn Nets,107,17732,
Sat Apr 8 2017,6:00p,Boston Celtics,121,Charlotte Hornets,114,19407,
Sat Apr 8 2017,6:00p,Indiana Pacers,127,Orlando Magic,112,18846,
Sat Apr 8 2017,7:00p,Milwaukee Bucks,90,Philadelphia 76ers,82,16301,
Sat Apr 8 2017,7:00p,Miami Heat,106,Washington Wizards,103,20365,
Sat Apr 8 2017,8:30p,Los Angeles Clippers,98,San Antonio Spurs,87,18420,
Sat Apr 8 2017,10:00p,Utah Jazz,86,Portland Trail Blazers,101,19865,
Sat Apr 8 2017,10:30p,New Orleans Pelicans,101,Golden State Warriors,123,19596,
Sun Apr 9 2017,12:00p,Toronto Raptors,110,New York Knicks,97,19812,
Sun Apr 9 2017,3:30p,Cleveland Cavaliers,125,Atlanta Hawks,126,18835,
Sun Apr 9 2017,5:00p,Oklahoma City Thunder,106,Denver Nuggets,105,19718,
Sun Apr 9 2017,6:00p,Detroit Pistons,103,Memphis Grizzlies,90,16521,
Sun Apr 9 2017,6:00p,Dallas Mavericks,111,Phoenix Suns,124,18055,
Sun Apr 9 2017,6:00p,Houston Rockets,135,Sacramento Kings,128,17608,
Sun Apr 9 2017,9:30p,Minnesota Timberwolves,109,Los Angeles Lakers,110,18997,
Mon Apr 10 2017,7:00p,Indiana Pacers,120,Philadelphia 76ers,111,14622,
Mon Apr 10 2017,7:30p,Brooklyn Nets,105,Boston Celtics,114,18624,
Mon Apr 10 2017,7:30p,Cleveland Cavaliers,121,Miami Heat,124,19673,
Mon Apr 10 2017,8:00p,Orlando Magic,75,Chicago Bulls,122,21545,
Mon Apr 10 2017,8:00p,Washington Wizards,105,Detroit Pistons,101,21012,
Mon Apr 10 2017,8:00p,Charlotte Hornets,79,Milwaukee Bucks,89,18717,
Mon Apr 10 2017,10:00p,San Antonio Spurs,98,Portland Trail Blazers,99,19393,
Mon Apr 10 2017,10:30p,Utah Jazz,105,Golden State Warriors,99,19596,
Mon Apr 10 2017,10:30p,Houston Rockets,96,Los Angeles Clippers,125,19163,
Tue Apr 11 2017,7:30p,Charlotte Hornets,76,Atlanta Hawks,103,14205,
Tue Apr 11 2017,8:00p,Oklahoma City Thunder,100,Minnesota Timberwolves,98,19356,
Tue Apr 11 2017,8:30p,Denver Nuggets,109,Dallas Mavericks,91,20333,
Tue Apr 11 2017,10:30p,New Orleans Pelicans,96,Los Angeles Lakers,108,18997,
Tue Apr 11 2017,10:30p,Phoenix Suns,104,Sacramento Kings,129,17608,
Wed Apr 12 2017,8:00p,Milwaukee Bucks,94,Boston Celtics,112,18624,
Wed Apr 12 2017,8:00p,Brooklyn Nets,73,Chicago Bulls,112,21648,
Wed Apr 12 2017,8:00p,Toronto Raptors,98,Cleveland Cavaliers,83,20562,
Wed Apr 12 2017,8:00p,Minnesota Timberwolves,118,Houston Rockets,123,18055,
Wed Apr 12 2017,8:00p,Atlanta Hawks,86,Indiana Pacers,104,17923,
Wed Apr 12 2017,8:00p,Dallas Mavericks,100,Memphis Grizzlies,93,16274,
Wed Apr 12 2017,8:00p,Washington Wizards,102,Miami Heat,110,19963,
Wed Apr 12 2017,8:00p,Philadelphia 76ers,113,New York Knicks,114,19812,
Wed Apr 12 2017,8:00p,Denver Nuggets,111,Oklahoma City Thunder,105,18203,
Wed Apr 12 2017,8:00p,Detroit Pistons,109,Orlando Magic,113,19458,
Wed Apr 12 2017,9:00p,San Antonio Spurs,97,Utah Jazz,101,19911,
Wed Apr 12 2017,10:30p,Los Angeles Lakers,94,Golden State Warriors,109,19596,
Wed Apr 12 2017,10:30p,Sacramento Kings,95,Los Angeles Clippers,115,19060,
Wed Apr 12 2017,10:30p,New Orleans Pelicans,103,Portland Trail Blazers,100,19521,
Sat Apr 15 2017,3:00p,Indiana Pacers,108,Cleveland Cavaliers,109,20562,
Sat Apr 15 2017,5:30p,Milwaukee Bucks,97,Toronto Raptors,83,20133,
Sat Apr 15 2017,8:00p,Memphis Grizzlies,82,San Antonio Spurs,111,18418,
Sat Apr 15 2017,10:30p,Utah Jazz,97,Los Angeles Clippers,95,19060,
Sun Apr 16 2017,1:00p,Atlanta Hawks,107,Washington Wizards,114,20356,
Sun Apr 16 2017,3:30p,Portland Trail Blazers,109,Golden State Warriors,121,19596,
Sun Apr 16 2017,6:30p,Chicago Bulls,106,Boston Celtics,102,18624,
Sun Apr 16 2017,9:00p,Oklahoma City Thunder,87,Houston Rockets,118,18055,
Mon Apr 17 2017,7:00p,Indiana Pacers,111,Cleveland Cavaliers,117,20562,
Mon Apr 17 2017,9:30p,Memphis Grizzlies,82,San Antonio Spurs,96,18418,
Tue Apr 18 2017,7:00p,Milwaukee Bucks,100,Toronto Raptors,106,20077,
Tue Apr 18 2017,8:00p,Chicago Bulls,111,Boston Celtics,97,18624,
Tue Apr 18 2017,10:30p,Utah Jazz,91,Los Angeles Clippers,99,19060,
Wed Apr 19 2017,7:00p,Atlanta Hawks,101,Washington Wizards,109,20356,
Wed Apr 19 2017,8:00p,Oklahoma City Thunder,111,Houston Rockets,115,18055,
Wed Apr 19 2017,10:30p,Portland Trail Blazers,81,Golden State Warriors,110,19596,
Thu Apr 20 2017,7:00p,Cleveland Cavaliers,119,Indiana Pacers,114,17923,
Thu Apr 20 2017,8:00p,Toronto Raptors,77,Milwaukee Bucks,104,18717,
Thu Apr 20 2017,9:30p,San Antonio Spurs,94,Memphis Grizzlies,105,18119,
Fri Apr 21 2017,7:00p,Boston Celtics,104,Chicago Bulls,87,21293,
Fri Apr 21 2017,9:30p,Houston Rockets,113,Oklahoma City Thunder,115,18203,
Fri Apr 21 2017,10:00p,Los Angeles Clippers,111,Utah Jazz,106,19911,
Sat Apr 22 2017,3:00p,Toronto Raptors,87,Milwaukee Bucks,76,18717,
Sat Apr 22 2017,5:30p,Washington Wizards,98,Atlanta Hawks,116,18866,
Sat Apr 22 2017,8:00p,San Antonio Spurs,108,Memphis Grizzlies,110,18119,
Sat Apr 22 2017,10:30p,Golden State Warriors,119,Portland Trail Blazers,113,20177,
Sun Apr 23 2017,1:00p,Cleveland Cavaliers,106,Indiana Pacers,102,17923,
Sun Apr 23 2017,3:30p,Houston Rockets,113,Oklahoma City Thunder,109,18203,
Sun Apr 23 2017,6:30p,Boston Celtics,104,Chicago Bulls,95,21863,
Sun Apr 23 2017,9:00p,Los Angeles Clippers,98,Utah Jazz,105,19911,
Mon Apr 24 2017,7:00p,Milwaukee Bucks,93,Toronto Raptors,118,20251,
Mon Apr 24 2017,8:00p,Washington Wizards,101,Atlanta Hawks,111,18676,
Mon Apr 24 2017,10:30p,Golden State Warriors,128,Portland Trail Blazers,103,19902,
Tue Apr 25 2017,8:00p,Oklahoma City Thunder,99,Houston Rockets,105,18055,
Tue Apr 25 2017,9:00p,Memphis Grizzlies,103,San Antonio Spurs,116,18418,
Tue Apr 25 2017,10:30p,Utah Jazz,96,Los Angeles Clippers,92,19171,
Wed Apr 26 2017,6:00p,Atlanta Hawks,99,Washington Wizards,103,20356,
Wed Apr 26 2017,8:30p,Chicago Bulls,97,Boston Celtics,108,18624,
Thu Apr 27 2017,7:00p,Toronto Raptors,92,Milwaukee Bucks,89,18717,
Thu Apr 27 2017,9:30p,San Antonio Spurs,103,Memphis Grizzlies,96,18119,
Fri Apr 28 2017,7:30p,Washington Wizards,115,Atlanta Hawks,99,18849,
Fri Apr 28 2017,8:00p,Boston Celtics,105,Chicago Bulls,83,21682,
Fri Apr 28 2017,10:30p,Los Angeles Clippers,98,Utah Jazz,93,19911,
Sun Apr 30 2017,1:00p,Washington Wizards,111,Boston Celtics,123,18624,
Sun Apr 30 2017,3:30p,Utah Jazz,104,Los Angeles Clippers,91,19060,
Mon May 1 2017,7:00p,Toronto Raptors,105,Cleveland Cavaliers,116,20562,
Mon May 1 2017,9:30p,Houston Rockets,126,San Antonio Spurs,99,18418,
Tue May 2 2017,8:00p,Washington Wizards,119,Boston Celtics,129,18624,
Tue May 2 2017,10:30p,Utah Jazz,94,Golden State Warriors,106,19596,
Wed May 3 2017,7:00p,Toronto Raptors,103,Cleveland Cavaliers,125,20562,
Wed May 3 2017,9:30p,Houston Rockets,96,San Antonio Spurs,121,18418,
Thu May 4 2017,8:00p,Boston Celtics,89,Washington Wizards,116,20356,
Thu May 4 2017,10:30p,Utah Jazz,104,Golden State Warriors,115,19596,
Fri May 5 2017,7:00p,Cleveland Cavaliers,115,Toronto Raptors,94,20384,
Fri May 5 2017,9:30p,San Antonio Spurs,103,Houston Rockets,92,18187,
Sat May 6 2017,8:30p,Golden State Warriors,102,Utah Jazz,91,19911,
Sun May 7 2017,3:30p,Cleveland Cavaliers,109,Toronto Raptors,102,20307,
Sun May 7 2017,6:30p,Boston Celtics,102,Washington Wizards,121,20356,
Sun May 7 2017,9:00p,San Antonio Spurs,104,Houston Rockets,125,18055,
Mon May 8 2017,9:00p,Golden State Warriors,121,Utah Jazz,95,19911,
Tue May 9 2017,8:00p,Houston Rockets,107,San Antonio Spurs,110,18418,
Wed May 10 2017,8:00p,Washington Wizards,101,Boston Celtics,123,18624,
Thu May 11 2017,8:00p,San Antonio Spurs,114,Houston Rockets,75,18055,
Fri May 12 2017,8:00p,Boston Celtics,91,Washington Wizards,92,20356,
Sun May 14 2017,3:30p,San Antonio Spurs,111,Golden State Warriors,113,19596,
Mon May 15 2017,8:00p,Washington Wizards,105,Boston Celtics,115,18624,
Tue May 16 2017,9:00p,San Antonio Spurs,100,Golden State Warriors,136,19596,
Wed May 17 2017,8:30p,Cleveland Cavaliers,117,Boston Celtics,104,18624,
Fri May 19 2017,8:30p,Cleveland Cavaliers,130,Boston Celtics,86,18624,
Sat May 20 2017,9:00p,Golden State Warriors,120,San Antonio Spurs,108,18792,
Sun May 21 2017,8:30p,Boston Celtics,111,Cleveland Cavaliers,108,20562,
Mon May 22 2017,9:00p,Golden State Warriors,129,San Antonio Spurs,115,18466,
Tue May 23 2017,8:30p,Boston Celtics,99,Cleveland Cavaliers,112,20562,
Thu May 25 2017,8:30p,Cleveland Cavaliers,135,Boston Celtics,102,18624,
Thu Jun 1 2017,9:00p,Cleveland Cavaliers,91,Golden State Warriors,113,19596,
Sun Jun 4 2017,8:00p,Cleveland Cavaliers,113,Golden State Warriors,132,19596,
Wed Jun 7 2017,9:00p,Golden State Warriors,118,Cleveland Cavaliers,113,20562,
Fri Jun 9 2017,9:00p,Golden State Warriors,116,Cleveland Cavaliers,137,20562,
Mon Jun 12 2017,9:00p,Cleveland Cavaliers,120,Golden State Warriors,129,19596,